"","Feature1","Feature2","Correlation"
"1","TCGA-06-0145-01A-04D-0218-05","TCGA-06-0145-01A-04D-0218-05",1
"33409","TCGA-06-0145-01A-04D-0218-05","TCGA-32-1982-01A-01D-0788-05",0.92041408142628
"61249","TCGA-06-0145-01A-04D-0218-05","TCGA-14-1402-01A-01D-0521-05",0.919955724970912
"350","TCGA-27-2526-01A-01D-0788-05","TCGA-27-2526-01A-01D-0788-05",1
"72386","TCGA-27-2526-01A-01D-0788-05","TCGA-12-1599-01A-01D-0595-05",0.932998801853818
"34454","TCGA-27-2526-01A-01D-0788-05","TCGA-06-0876-01A-01D-0392-05",0.932746547553836
"699","TCGA-14-1454-01A-01D-0521-05","TCGA-14-1454-01A-01D-0521-05",1
"40371","TCGA-14-1454-01A-01D-0521-05","TCGA-12-3644-01A-01D-0915-05",0.913748273239537
"17055","TCGA-14-1454-01A-01D-0521-05","TCGA-12-1099-01A-01D-0521-05",0.902706529363025
"1048","TCGA-02-0107-01A-01D-0199-05","TCGA-02-0107-01A-01D-0199-05",1
"73084","TCGA-02-0107-01A-01D-0199-05","TCGA-06-0881-01A-02D-0392-05",0.98229616841375
"88396","TCGA-02-0107-01A-01D-0199-05","TCGA-19-1385-01A-02D-0595-05",0.976284637082045
"1397","TCGA-32-2495-01A-01D-1228-05","TCGA-32-2495-01A-01D-1228-05",1
"61253","TCGA-32-2495-01A-01D-1228-05","TCGA-14-1402-01A-01D-0521-05",0.929706788955268
"75521","TCGA-32-2495-01A-01D-1228-05","TCGA-12-1597-01B-01D-0915-05",0.928662635563853
"1746","TCGA-16-1045-01B-01D-0521-05","TCGA-16-1045-01B-01D-0521-05",1
"85266","TCGA-16-1045-01B-01D-0521-05","TCGA-12-1095-01A-01D-0521-05",0.959861940809984
"42810","TCGA-16-1045-01B-01D-0521-05","TCGA-02-0057-01A-01D-0186-05",0.959094710829881
"2095","TCGA-02-0083-01A-01D-0199-05","TCGA-02-0083-01A-01D-0199-05",1
"34459","TCGA-02-0083-01A-01D-0199-05","TCGA-06-0876-01A-01D-0392-05",0.911263210717294
"33415","TCGA-02-0083-01A-01D-0199-05","TCGA-32-1982-01A-01D-0788-05",0.909709282767129
"2444","TCGA-19-2619-01A-01D-0915-05","TCGA-19-2619-01A-01D-0915-05",1
"42812","TCGA-19-2619-01A-01D-0915-05","TCGA-02-0057-01A-01D-0186-05",0.935220265732393
"19844","TCGA-19-2619-01A-01D-0915-05","TCGA-02-0085-01A-01D-0199-05",0.934326902666097
"2793","TCGA-02-0102-01A-01D-0199-05","TCGA-02-0102-01A-01D-0199-05",1
"64737","TCGA-02-0102-01A-01D-0199-05","TCGA-27-2518-01A-01D-0788-05",0.924512016756657
"79353","TCGA-02-0102-01A-01D-0199-05","TCGA-16-1056-01B-01D-0521-05",0.919002640920303
"3142","TCGA-14-1823-01A-01D-0595-05","TCGA-14-1823-01A-01D-0595-05",1
"61258","TCGA-14-1823-01A-01D-0595-05","TCGA-14-1402-01A-01D-0521-05",0.937327997014514
"74134","TCGA-14-1823-01A-01D-0595-05","TCGA-19-0962-01B-01D-0521-05",0.932612258525608
"3491","TCGA-14-1453-01A-01D-0521-05","TCGA-14-1453-01A-01D-0521-05",1
"32723","TCGA-14-1453-01A-01D-0521-05","TCGA-27-2528-01A-01D-0788-05",0.902585093654692
"22631","TCGA-14-1453-01A-01D-0521-05","TCGA-19-2620-01A-01D-0915-05",0.90141082377706
"3840","TCGA-02-2470-01A-01D-0788-05","TCGA-02-2470-01A-01D-0788-05",1
"88056","TCGA-02-2470-01A-01D-0788-05","TCGA-27-2527-01A-01D-0788-05",0.966055223849294
"91188","TCGA-02-2470-01A-01D-0788-05","TCGA-12-1096-01A-01D-0521-05",0.96596864043306
"4189","TCGA-41-2572-01A-01D-1228-05","TCGA-41-2572-01A-01D-1228-05",1
"32725","TCGA-41-2572-01A-01D-1228-05","TCGA-27-2528-01A-01D-0788-05",0.936776499164959
"19153","TCGA-41-2572-01A-01D-1228-05","TCGA-32-2638-01A-01D-0915-05",0.936026985486339
"4538","TCGA-06-0137-01A-03D-0218-05","TCGA-06-0137-01A-03D-0218-05",1
"61262","TCGA-06-0137-01A-03D-0218-05","TCGA-14-1402-01A-01D-0521-05",0.927692763751561
"4886","TCGA-06-0137-01A-03D-0218-05","TCGA-12-0819-01A-01D-0392-05",0.924739280425185
"4887","TCGA-12-0819-01A-01D-0392-05","TCGA-12-0819-01A-01D-0392-05",1
"42819","TCGA-12-0819-01A-01D-0392-05","TCGA-02-0057-01A-01D-0186-05",0.941070160619115
"61263","TCGA-12-0819-01A-01D-0392-05","TCGA-14-1402-01A-01D-0521-05",0.940351695299583
"5236","TCGA-02-0113-01A-01D-0199-05","TCGA-02-0113-01A-01D-0199-05",1
"90148","TCGA-02-0113-01A-01D-0199-05","TCGA-06-2566-01A-01D-0788-05",0.937933514564593
"58480","TCGA-02-0113-01A-01D-0199-05","TCGA-02-0027-01A-01D-0186-05",0.937682931873055
"5585","TCGA-32-4209-01A-01D-1228-05","TCGA-32-4209-01A-01D-1228-05",1
"88061","TCGA-32-4209-01A-01D-1228-05","TCGA-27-2527-01A-01D-0788-05",0.955756732693228
"1061","TCGA-32-4209-01A-01D-1228-05","TCGA-02-0107-01A-01D-0199-05",0.950580436376144
"5934","TCGA-02-0099-01A-01D-0199-05","TCGA-02-0099-01A-01D-0199-05",1
"35514","TCGA-02-0099-01A-01D-0199-05","TCGA-14-0813-01A-01D-0392-05",0.919222827216034
"24378","TCGA-02-0099-01A-01D-0199-05","TCGA-12-1092-01B-01D-0521-05",0.919089753347278
"6283","TCGA-28-1747-01C-01D-0788-05","TCGA-28-1747-01C-01D-0788-05",1
"67183","TCGA-28-1747-01C-01D-0788-05","TCGA-27-1831-01A-01D-0788-05",0.953263293527456
"10459","TCGA-28-1747-01C-01D-0788-05","TCGA-06-0133-01A-02D-0218-05",0.948972132827778
"6632","TCGA-14-1451-01A-01D-0521-05","TCGA-14-1451-01A-01D-0521-05",1
"91196","TCGA-14-1451-01A-01D-0521-05","TCGA-12-1096-01A-01D-0521-05",0.949837161840162
"73448","TCGA-14-1451-01A-01D-0521-05","TCGA-26-1438-01A-01D-0521-05",0.944123042064521
"6981","TCGA-06-0124-01A-01D-0218-05","TCGA-06-0124-01A-01D-0218-05",1
"55701","TCGA-06-0124-01A-01D-0218-05","TCGA-28-2502-01B-01D-0788-05",0.948960078872888
"91197","TCGA-06-0124-01A-01D-0218-05","TCGA-12-1096-01A-01D-0521-05",0.946580355340234
"7330","TCGA-06-0130-01A-01D-0218-05","TCGA-06-0130-01A-01D-0218-05",1
"1066","TCGA-06-0130-01A-01D-0218-05","TCGA-02-0107-01A-01D-0199-05",0.972149881445306
"73102","TCGA-06-0130-01A-01D-0218-05","TCGA-06-0881-01A-02D-0392-05",0.96800580162142
"7679","TCGA-15-1449-01A-01D-0521-05","TCGA-15-1449-01A-01D-0521-05",1
"72059","TCGA-15-1449-01A-01D-0521-05","TCGA-19-0963-01B-01D-0521-05",0.928594856930025
"51875","TCGA-15-1449-01A-01D-0521-05","TCGA-14-1401-01A-01D-0521-05",0.920195816816301
"8028","TCGA-06-0126-01A-01D-0218-05","TCGA-06-0126-01A-01D-0218-05",1
"19164","TCGA-06-0126-01A-01D-0218-05","TCGA-32-2638-01A-01D-0915-05",0.937070499971055
"42132","TCGA-06-0126-01A-01D-0218-05","TCGA-02-0089-01A-01D-0199-05",0.9353210767887
"8377","TCGA-06-0129-01A-01D-0218-05","TCGA-06-0129-01A-01D-0218-05",1
"58141","TCGA-06-0129-01A-01D-0218-05","TCGA-02-2483-01A-01D-0788-05",0.915167032040988
"41785","TCGA-06-0129-01A-01D-0218-05","TCGA-02-0010-01A-01D-0186-05",0.910563158474322
"8726","TCGA-06-0148-01A-01D-0218-05","TCGA-06-0148-01A-01D-0218-05",1
"60578","TCGA-06-0148-01A-01D-0218-05","TCGA-28-1753-01A-01D-0788-05",0.922759854633791
"32738","TCGA-06-0148-01A-01D-0218-05","TCGA-27-2528-01A-01D-0788-05",0.91948405448127
"9075","TCGA-02-0116-01A-01D-0199-05","TCGA-02-0116-01A-01D-0199-05",1
"19167","TCGA-02-0116-01A-01D-0199-05","TCGA-32-2638-01A-01D-0915-05",0.934688542638724
"86331","TCGA-02-0116-01A-01D-0199-05","TCGA-12-3649-01A-01D-0915-05",0.933061774149413
"9424","TCGA-02-0024-01B-01D-0186-05","TCGA-02-0024-01B-01D-0186-05",1
"78676","TCGA-02-0024-01B-01D-0186-05","TCGA-02-0047-01A-01D-0186-05",0.919870871495897
"81112","TCGA-02-0024-01B-01D-0186-05","TCGA-02-0052-01A-01D-0186-05",0.910530232438095
"9773","TCGA-02-0001-01C-01D-0186-05","TCGA-02-0001-01C-01D-0186-05",1
"42833","TCGA-02-0001-01C-01D-0186-05","TCGA-02-0057-01A-01D-0186-05",0.956313102684655
"1769","TCGA-02-0001-01C-01D-0186-05","TCGA-16-1045-01B-01D-0521-05",0.950337161643293
"10122","TCGA-32-1978-01A-01D-1228-05","TCGA-32-1978-01A-01D-1228-05",1
"19170","TCGA-32-1978-01A-01D-1228-05","TCGA-32-2638-01A-01D-0915-05",0.917133553785858
"4206","TCGA-32-1978-01A-01D-1228-05","TCGA-41-2572-01A-01D-1228-05",0.916800595027699
"10471","TCGA-06-0133-01A-02D-0218-05","TCGA-06-0133-01A-02D-0218-05",1
"91207","TCGA-06-0133-01A-02D-0218-05","TCGA-12-1096-01A-01D-0521-05",0.954888795087244
"67195","TCGA-06-0133-01A-02D-0218-05","TCGA-27-1831-01A-01D-0788-05",0.954038323451382
"10820","TCGA-14-1829-01A-01D-0595-05","TCGA-14-1829-01A-01D-0595-05",1
"60584","TCGA-14-1829-01A-01D-0595-05","TCGA-28-1753-01A-01D-0788-05",0.952692690671157
"55712","TCGA-14-1829-01A-01D-0595-05","TCGA-28-2502-01B-01D-0788-05",0.951544804514162
"11169","TCGA-15-1447-01A-01D-0521-05","TCGA-15-1447-01A-01D-0521-05",1
"72765","TCGA-15-1447-01A-01D-0521-05","TCGA-19-1388-01A-01D-0595-05",0.827234874216654
"93297","TCGA-15-1447-01A-01D-0521-05","TCGA-32-1973-01A-01D-1228-05",0.819077302365346
"11518","TCGA-12-1091-01A-01D-0521-05","TCGA-12-1091-01A-01D-0521-05",1
"72070","TCGA-12-1091-01A-01D-0521-05","TCGA-19-0963-01B-01D-0521-05",0.910891298882917
"57106","TCGA-12-1091-01A-01D-0521-05","TCGA-26-1440-01A-01D-0521-05",0.909734613237721
"11867","TCGA-06-0147-01A-01D-0218-05","TCGA-06-0147-01A-01D-0218-05",1
"42839","TCGA-06-0147-01A-01D-0218-05","TCGA-02-0057-01A-01D-0186-05",0.960195821512434
"21611","TCGA-06-0147-01A-01D-0218-05","TCGA-28-2513-01A-01D-0788-05",0.958051877321321
"12216","TCGA-02-0114-01A-01D-0199-05","TCGA-02-0114-01A-01D-0199-05",1
"30660","TCGA-02-0114-01A-01D-0199-05","TCGA-06-2570-01A-01D-0788-05",0.889119471282748
"57456","TCGA-02-0114-01A-01D-0199-05","TCGA-06-1805-01A-01D-0595-05",0.888803329089726
"12565","TCGA-06-0125-01A-01D-0218-05","TCGA-06-0125-01A-01D-0218-05",1
"33445","TCGA-06-0125-01A-01D-0218-05","TCGA-32-1982-01A-01D-0788-05",0.924578266871814
"4561","TCGA-06-0125-01A-01D-0218-05","TCGA-06-0137-01A-03D-0218-05",0.923219903646626
"12914","TCGA-02-0058-01A-01D-0186-05","TCGA-02-0058-01A-01D-0186-05",1
"31010","TCGA-02-0058-01A-01D-0186-05","TCGA-12-0827-01A-01D-0392-05",0.941881899902847
"15002","TCGA-02-0058-01A-01D-0186-05","TCGA-16-1460-01A-01D-0595-05",0.939949363636758
"13263","TCGA-02-0021-01A-01D-0186-05","TCGA-02-0021-01A-01D-0186-05",1
"15699","TCGA-02-0021-01A-01D-0186-05","TCGA-14-2555-01B-01D-0915-05",0.929374654740959
"33447","TCGA-02-0021-01A-01D-0186-05","TCGA-32-1982-01A-01D-0788-05",0.927910576809491
"13612","TCGA-27-2523-01A-01D-0788-05","TCGA-27-2523-01A-01D-0788-05",1
"19180","TCGA-27-2523-01A-01D-0788-05","TCGA-32-2638-01A-01D-0915-05",0.930290829391766
"32752","TCGA-27-2523-01A-01D-0788-05","TCGA-27-2528-01A-01D-0788-05",0.929317151656696
"13961","TCGA-02-0080-01A-01D-0199-05","TCGA-02-0080-01A-01D-0199-05",1
"56765","TCGA-02-0080-01A-01D-0199-05","TCGA-19-1788-01A-01D-0595-05",0.936403357749158
"50501","TCGA-02-0080-01A-01D-0199-05","TCGA-14-1458-01A-01D-0595-05",0.936139883137746
"14310","TCGA-02-0007-01A-01D-0186-05","TCGA-02-0007-01A-01D-0186-05",1
"61290","TCGA-02-0007-01A-01D-0186-05","TCGA-14-1402-01A-01D-0521-05",0.899956363495885
"75558","TCGA-02-0007-01A-01D-0186-05","TCGA-12-1597-01B-01D-0915-05",0.898412226307227
"14659","TCGA-32-2616-01A-01D-0915-05","TCGA-32-2616-01A-01D-0915-05",1
"42847","TCGA-32-2616-01A-01D-0915-05","TCGA-02-0057-01A-01D-0186-05",0.935349074460885
"19879","TCGA-32-2616-01A-01D-0915-05","TCGA-02-0085-01A-01D-0199-05",0.932611518243956
"15008","TCGA-16-1460-01A-01D-0595-05","TCGA-16-1460-01A-01D-0595-05",1
"50504","TCGA-16-1460-01A-01D-0595-05","TCGA-14-1458-01A-01D-0595-05",0.954322067609415
"56768","TCGA-16-1460-01A-01D-0595-05","TCGA-19-1788-01A-01D-0595-05",0.953532586263524
"15357","TCGA-27-1838-01A-01D-0788-05","TCGA-27-1838-01A-01D-0788-05",1
"47721","TCGA-27-1838-01A-01D-0788-05","TCGA-27-1836-01A-01D-0788-05",0.931145107743288
"1785","TCGA-27-1838-01A-01D-0788-05","TCGA-16-1045-01B-01D-0521-05",0.929996890630054
"15706","TCGA-14-2555-01B-01D-0915-05","TCGA-14-2555-01B-01D-0915-05",1
"42850","TCGA-14-2555-01B-01D-0915-05","TCGA-02-0057-01A-01D-0186-05",0.940456291507132
"1786","TCGA-14-2555-01B-01D-0915-05","TCGA-16-1045-01B-01D-0521-05",0.939823263932958
"16055","TCGA-19-0960-01A-02D-0521-05","TCGA-19-0960-01A-02D-0521-05",1
"110711","TCGA-19-0960-01A-02D-0521-05","TCGA-28-5215-01A-01D-1481-05",0.873801452171953
"35195","TCGA-19-0960-01A-02D-0521-05","TCGA-06-2558-01A-01D-0788-05",0.867772132195573
"16404","TCGA-14-1459-01A-01D-0521-05","TCGA-14-1459-01A-01D-0521-05",1
"47724","TCGA-14-1459-01A-01D-0521-05","TCGA-27-1836-01A-01D-0788-05",0.934574587045212
"1788","TCGA-14-1459-01A-01D-0521-05","TCGA-16-1045-01B-01D-0521-05",0.934220226818668
"16753","TCGA-02-0071-01A-01D-0199-05","TCGA-02-0071-01A-01D-0199-05",1
"55729","TCGA-02-0071-01A-01D-0199-05","TCGA-28-2502-01B-01D-0788-05",0.94640125411088
"60601","TCGA-02-0071-01A-01D-0199-05","TCGA-28-1753-01A-01D-0788-05",0.942900899022573
"17102","TCGA-12-1099-01A-01D-0521-05","TCGA-12-1099-01A-01D-0521-05",1
"35198","TCGA-12-1099-01A-01D-0521-05","TCGA-06-2558-01A-01D-0788-05",0.926336567008922
"32414","TCGA-12-1099-01A-01D-0521-05","TCGA-06-1801-01A-02D-0595-05",0.92359545517951
"17451","TCGA-14-1456-01B-01D-0788-05","TCGA-14-1456-01B-01D-0788-05",1
"50511","TCGA-14-1456-01B-01D-0788-05","TCGA-14-1458-01A-01D-0595-05",0.955192970539853
"56775","TCGA-14-1456-01B-01D-0788-05","TCGA-19-1788-01A-01D-0595-05",0.951255195533757
"17800","TCGA-41-2573-01A-01D-0915-05","TCGA-41-2573-01A-01D-0915-05",1
"91228","TCGA-41-2573-01A-01D-0915-05","TCGA-12-1096-01A-01D-0521-05",0.943144164871784
"51904","TCGA-41-2573-01A-01D-0915-05","TCGA-14-1401-01A-01D-0521-05",0.942419404749103
"18149","TCGA-14-0786-01B-01D-0521-05","TCGA-14-0786-01B-01D-0521-05",1
"72437","TCGA-14-0786-01B-01D-0521-05","TCGA-12-1599-01A-01D-0595-05",0.925849988479125
"61301","TCGA-14-0786-01B-01D-0521-05","TCGA-14-1402-01A-01D-0521-05",0.92439805235589
"18498","TCGA-12-1600-01A-01D-0595-05","TCGA-12-1600-01A-01D-0595-05",1
"64782","TCGA-12-1600-01A-01D-0595-05","TCGA-27-2518-01A-01D-0788-05",0.921738313491491
"22674","TCGA-12-1600-01A-01D-0595-05","TCGA-19-2620-01A-01D-0915-05",0.917628975908784
"18847","TCGA-06-1802-01A-01D-0595-05","TCGA-06-1802-01A-01D-0595-05",1
"60607","TCGA-06-1802-01A-01D-0595-05","TCGA-28-1753-01A-01D-0788-05",0.936009103570245
"61999","TCGA-06-1802-01A-01D-0595-05","TCGA-14-0866-01B-01D-0595-05",0.930176907086806
"19196","TCGA-32-2638-01A-01D-0915-05","TCGA-32-2638-01A-01D-0915-05",1
"86360","TCGA-32-2638-01A-01D-0915-05","TCGA-12-3649-01A-01D-0915-05",0.947220804177779
"32768","TCGA-32-2638-01A-01D-0915-05","TCGA-27-2528-01A-01D-0788-05",0.947022569208736
"19545","TCGA-02-0074-01A-01D-0199-05","TCGA-02-0074-01A-01D-0199-05",1
"42861","TCGA-02-0074-01A-01D-0199-05","TCGA-02-0057-01A-01D-0186-05",0.913190635886449
"19893","TCGA-02-0074-01A-01D-0199-05","TCGA-02-0085-01A-01D-0199-05",0.912821411835454
"19894","TCGA-02-0085-01A-01D-0199-05","TCGA-02-0085-01A-01D-0199-05",1
"42862","TCGA-02-0085-01A-01D-0199-05","TCGA-02-0057-01A-01D-0186-05",0.969387497631849
"85318","TCGA-02-0085-01A-01D-0199-05","TCGA-12-1095-01A-01D-0521-05",0.960186765567616
"20243","TCGA-19-2624-01A-01D-0915-05","TCGA-19-2624-01A-01D-0915-05",1
"51911","TCGA-19-2624-01A-01D-0915-05","TCGA-14-1401-01A-01D-0521-05",0.937755636918526
"37643","TCGA-19-2624-01A-01D-0915-05","TCGA-12-0828-01A-01D-0392-05",0.935219438303634
"20592","TCGA-12-3653-01A-01D-0915-05","TCGA-12-3653-01A-01D-0915-05",1
"4932","TCGA-12-3653-01A-01D-0915-05","TCGA-12-0819-01A-01D-0392-05",0.928689146207176
"10500","TCGA-12-3653-01A-01D-0915-05","TCGA-06-0133-01A-02D-0218-05",0.916434590540052
"20941","TCGA-12-1598-01A-01D-0595-05","TCGA-12-1598-01A-01D-0595-05",1
"81841","TCGA-12-1598-01A-01D-0595-05","TCGA-14-0817-01A-01D-0392-05",0.913002259740832
"43213","TCGA-12-1598-01A-01D-0595-05","TCGA-06-2557-01A-01D-0788-05",0.907488020227959
"21290","TCGA-19-1387-01A-01D-0595-05","TCGA-19-1387-01A-01D-0595-05",1
"65834","TCGA-19-1387-01A-01D-0595-05","TCGA-14-1794-01A-01D-0595-05",0.93049753166246
"80102","TCGA-19-1387-01A-01D-0595-05","TCGA-16-0848-01A-01D-0392-05",0.929725342943861
"21639","TCGA-28-2513-01A-01D-0788-05","TCGA-28-2513-01A-01D-0788-05",1
"75231","TCGA-28-2513-01A-01D-0788-05","TCGA-28-1751-01A-02D-0595-05",0.971494527039273
"106203","TCGA-28-2513-01A-01D-0788-05","TCGA-06-5412-01A-01D-1697-05",0.964256000646354
"21988","TCGA-06-0877-01A-01D-0392-05","TCGA-06-0877-01A-01D-0392-05",1
"19204","TCGA-06-0877-01A-01D-0392-05","TCGA-32-2638-01A-01D-0915-05",0.938648093391652
"22684","TCGA-06-0877-01A-01D-0392-05","TCGA-19-2620-01A-01D-0915-05",0.937329778311484
"22337","TCGA-28-2514-01A-02D-0788-05","TCGA-28-2514-01A-02D-0788-05",1
"10853","TCGA-28-2514-01A-02D-0788-05","TCGA-14-1829-01A-01D-0595-05",0.945782751787612
"60617","TCGA-28-2514-01A-02D-0788-05","TCGA-28-1753-01A-01D-0788-05",0.940931337327433
"22686","TCGA-19-2620-01A-01D-0915-05","TCGA-19-2620-01A-01D-0915-05",1
"86370","TCGA-19-2620-01A-01D-0915-05","TCGA-12-3649-01A-01D-0915-05",0.948728883268502
"19206","TCGA-19-2620-01A-01D-0915-05","TCGA-32-2638-01A-01D-0915-05",0.945314691658839
"23035","TCGA-14-1821-01A-01D-0595-05","TCGA-14-1821-01A-01D-0595-05",1
"58183","TCGA-14-1821-01A-01D-0595-05","TCGA-02-2483-01A-01D-0788-05",0.933207216101785
"41827","TCGA-14-1821-01A-01D-0595-05","TCGA-02-0010-01A-01D-0186-05",0.925823049246614
"23384","TCGA-32-1976-01A-01D-0788-05","TCGA-32-1976-01A-01D-0788-05",1
"72104","TCGA-32-1976-01A-01D-0788-05","TCGA-19-0963-01B-01D-0521-05",0.933926747868757
"24428","TCGA-32-1976-01A-01D-0788-05","TCGA-12-1092-01B-01D-0521-05",0.929860297117683
"23733","TCGA-32-1977-01A-01D-1228-05","TCGA-32-1977-01A-01D-1228-05",1
"21645","TCGA-32-1977-01A-01D-1228-05","TCGA-28-2513-01A-01D-0788-05",0.954295009176143
"28605","TCGA-32-1977-01A-01D-1228-05","TCGA-12-1093-01A-01D-0521-05",0.953998304610487
"24082","TCGA-19-1787-01B-01D-0915-05","TCGA-19-1787-01B-01D-0915-05",1
"64798","TCGA-19-1787-01B-01D-0915-05","TCGA-27-2518-01A-01D-0788-05",0.910863754837938
"22690","TCGA-19-1787-01B-01D-0915-05","TCGA-19-2620-01A-01D-0915-05",0.907582474846505
"24431","TCGA-12-1092-01B-01D-0521-05","TCGA-12-1092-01B-01D-0521-05",1
"91247","TCGA-12-1092-01B-01D-0521-05","TCGA-12-1096-01A-01D-0521-05",0.962602187955735
"77327","TCGA-12-1092-01B-01D-0521-05","TCGA-06-0143-01A-01D-0218-05",0.954173365246396
"24780","TCGA-27-2521-01A-01D-0788-05","TCGA-27-2521-01A-01D-0788-05",1
"38352","TCGA-27-2521-01A-01D-0788-05","TCGA-19-2629-01A-01D-0915-05",0.918782423526842
"58188","TCGA-27-2521-01A-01D-0788-05","TCGA-02-2483-01A-01D-0788-05",0.915537123912986
"25129","TCGA-02-0054-01A-01D-0186-05","TCGA-02-0054-01A-01D-0186-05",1
"42877","TCGA-02-0054-01A-01D-0186-05","TCGA-02-0057-01A-01D-0186-05",0.952225946027766
"91249","TCGA-02-0054-01A-01D-0186-05","TCGA-12-1096-01A-01D-0521-05",0.948532071085646
"25478","TCGA-19-1791-01A-01D-0595-05","TCGA-19-1791-01A-01D-0595-05",1
"52622","TCGA-19-1791-01A-01D-0595-05","TCGA-28-1752-01A-01D-0595-05",0.899900925037242
"36614","TCGA-19-1791-01A-01D-0595-05","TCGA-06-2561-01A-02D-0788-05",0.899226479127104
"25827","TCGA-27-1830-01A-01D-0595-05","TCGA-27-1830-01A-01D-0595-05",1
"91251","TCGA-27-1830-01A-01D-0595-05","TCGA-12-1096-01A-01D-0521-05",0.95648023942619
"79071","TCGA-27-1830-01A-01D-0595-05","TCGA-41-3915-01A-01D-1228-05",0.951177592136924
"26176","TCGA-41-3393-01A-01D-1228-05","TCGA-41-3393-01A-01D-1228-05",1
"52972","TCGA-41-3393-01A-01D-1228-05","TCGA-41-4097-01A-01D-1228-05",0.943541509996202
"23740","TCGA-41-3393-01A-01D-1228-05","TCGA-32-1977-01A-01D-1228-05",0.942884041702524
"26525","TCGA-19-1392-01A-01D-0521-05","TCGA-19-1392-01A-01D-0521-05",1
"21305","TCGA-19-1392-01A-01D-0521-05","TCGA-19-1387-01A-01D-0595-05",0.909343055999542
"23393","TCGA-19-1392-01A-01D-0521-05","TCGA-32-1976-01A-01D-0788-05",0.904554743803155
"26874","TCGA-16-1063-01B-01D-0521-05","TCGA-16-1063-01B-01D-0521-05",1
"42186","TCGA-16-1063-01B-01D-0521-05","TCGA-02-0089-01A-01D-0199-05",0.936875016218745
"48798","TCGA-16-1063-01B-01D-0521-05","TCGA-32-2632-01A-01D-0915-05",0.936411860131349
"27223","TCGA-19-0964-01A-01D-0521-05","TCGA-19-0964-01A-01D-0521-05",1
"22699","TCGA-19-0964-01A-01D-0521-05","TCGA-19-2620-01A-01D-0915-05",0.921405349526205
"62371","TCGA-19-0964-01A-01D-0521-05","TCGA-06-2565-01A-01D-0788-05",0.921064672060927
"27572","TCGA-27-1834-01A-01D-0595-05","TCGA-27-1834-01A-01D-0595-05",1
"91256","TCGA-27-1834-01A-01D-0595-05","TCGA-12-1096-01A-01D-0521-05",0.953011379327348
"25832","TCGA-27-1834-01A-01D-0595-05","TCGA-27-1830-01A-01D-0595-05",0.949956703225238
"27921","TCGA-02-2486-01A-01D-0788-05","TCGA-02-2486-01A-01D-0788-05",1
"55761","TCGA-02-2486-01A-01D-0788-05","TCGA-28-2502-01B-01D-0788-05",0.936557904832704
"22701","TCGA-02-2486-01A-01D-0788-05","TCGA-19-2620-01A-01D-0915-05",0.935194427219188
"28270","TCGA-32-1986-01A-01D-0788-05","TCGA-32-1986-01A-01D-0788-05",1
"88126","TCGA-32-1986-01A-01D-0788-05","TCGA-27-2527-01A-01D-0788-05",0.965867637611437
"88474","TCGA-32-1986-01A-01D-0788-05","TCGA-19-1385-01A-02D-0595-05",0.960129018227075
"28619","TCGA-12-1093-01A-01D-0521-05","TCGA-12-1093-01A-01D-0521-05",1
"21659","TCGA-12-1093-01A-01D-0521-05","TCGA-28-2513-01A-01D-0788-05",0.963940410299383
"42887","TCGA-12-1093-01A-01D-0521-05","TCGA-02-0057-01A-01D-0186-05",0.956316367305142
"28968","TCGA-06-0878-01A-01D-0392-05","TCGA-06-0878-01A-01D-0392-05",1
"91260","TCGA-06-0878-01A-01D-0392-05","TCGA-12-1096-01A-01D-0521-05",0.952783416468245
"3912","TCGA-06-0878-01A-01D-0392-05","TCGA-02-2470-01A-01D-0788-05",0.948689276838616
"29317","TCGA-19-0957-01C-01D-0595-05","TCGA-19-0957-01C-01D-0595-05",1
"17137","TCGA-19-0957-01C-01D-0595-05","TCGA-12-1099-01A-01D-0521-05",0.915734389224213
"93001","TCGA-19-0957-01C-01D-0595-05","TCGA-28-1750-01A-01D-0595-05",0.915515388325189
"29666","TCGA-14-0787-01A-01D-0392-05","TCGA-14-0787-01A-01D-0392-05",1
"22706","TCGA-14-0787-01A-01D-0392-05","TCGA-19-2620-01A-01D-0915-05",0.924948344979354
"86390","TCGA-14-0787-01A-01D-0392-05","TCGA-12-3649-01A-01D-0915-05",0.923123120991175
"30015","TCGA-27-2524-01A-01D-0788-05","TCGA-27-2524-01A-01D-0788-05",1
"64815","TCGA-27-2524-01A-01D-0788-05","TCGA-27-2518-01A-01D-0788-05",0.949554490097025
"55767","TCGA-27-2524-01A-01D-0788-05","TCGA-28-2502-01B-01D-0788-05",0.948265559897487
"30364","TCGA-19-1790-01B-01D-1228-05","TCGA-19-1790-01B-01D-1228-05",1
"55768","TCGA-19-1790-01B-01D-1228-05","TCGA-28-2502-01B-01D-0788-05",0.94479837882789
"60640","TCGA-19-1790-01B-01D-1228-05","TCGA-28-1753-01A-01D-0788-05",0.943990966127332
"30713","TCGA-06-2570-01A-01D-0788-05","TCGA-06-2570-01A-01D-0788-05",1
"57509","TCGA-06-2570-01A-01D-0788-05","TCGA-06-1805-01A-01D-0595-05",0.931337863867539
"31061","TCGA-06-2570-01A-01D-0788-05","TCGA-12-0827-01A-01D-0392-05",0.917321019274107
"31062","TCGA-12-0827-01A-01D-0392-05","TCGA-12-0827-01A-01D-0392-05",1
"12966","TCGA-12-0827-01A-01D-0392-05","TCGA-02-0058-01A-01D-0186-05",0.941881899902847
"57510","TCGA-12-0827-01A-01D-0392-05","TCGA-06-1805-01A-01D-0595-05",0.941100795812767
"31411","TCGA-02-0075-01A-01D-0199-05","TCGA-02-0075-01A-01D-0199-05",1
"55771","TCGA-02-0075-01A-01D-0199-05","TCGA-28-2502-01B-01D-0788-05",0.938279450158696
"91267","TCGA-02-0075-01A-01D-0199-05","TCGA-12-1096-01A-01D-0521-05",0.934846567876778
"31760","TCGA-14-2554-01A-01D-0788-05","TCGA-14-2554-01A-01D-0788-05",1
"42896","TCGA-14-2554-01A-01D-0788-05","TCGA-02-0057-01A-01D-0186-05",0.949927087094357
"52640","TCGA-14-2554-01A-01D-0788-05","TCGA-28-1752-01A-01D-0595-05",0.946362726727055
"32109","TCGA-06-2563-01A-01D-0788-05","TCGA-06-2563-01A-01D-0788-05",1
"61341","TCGA-06-2563-01A-01D-0788-05","TCGA-14-1402-01A-01D-0521-05",0.932167831958973
"70041","TCGA-06-2563-01A-01D-0788-05","TCGA-16-1062-01A-01D-0521-05",0.928035639907929
"32458","TCGA-06-1801-01A-02D-0595-05","TCGA-06-1801-01A-02D-0595-05",1
"47770","TCGA-06-1801-01A-02D-0595-05","TCGA-27-1836-01A-01D-0788-05",0.95042752657388
"90574","TCGA-06-1801-01A-02D-0595-05","TCGA-12-1088-01A-01D-0521-05",0.943237913025356
"32807","TCGA-27-2528-01A-01D-0788-05","TCGA-27-2528-01A-01D-0788-05",1
"60647","TCGA-27-2528-01A-01D-0788-05","TCGA-28-1753-01A-01D-0788-05",0.953186505131334
"42203","TCGA-27-2528-01A-01D-0788-05","TCGA-02-0089-01A-01D-0199-05",0.948286561341634
"33156","TCGA-02-0009-01A-01D-0186-05","TCGA-02-0009-01A-01D-0186-05",1
"61344","TCGA-02-0009-01A-01D-0186-05","TCGA-14-1402-01A-01D-0521-05",0.924229040146882
"70044","TCGA-02-0009-01A-01D-0186-05","TCGA-16-1062-01A-01D-0521-05",0.923343216777338
"33505","TCGA-32-1982-01A-01D-0788-05","TCGA-32-1982-01A-01D-0788-05",1
"23761","TCGA-32-1982-01A-01D-0788-05","TCGA-32-1977-01A-01D-1228-05",0.947850496292537
"52645","TCGA-32-1982-01A-01D-0788-05","TCGA-28-1752-01A-01D-0595-05",0.947004612672188
"33854","TCGA-02-2466-01A-01D-0788-05","TCGA-02-2466-01A-01D-0788-05",1
"72134","TCGA-02-2466-01A-01D-0788-05","TCGA-19-0963-01B-01D-0521-05",0.910671993706412
"23414","TCGA-02-2466-01A-01D-0788-05","TCGA-32-1976-01A-01D-0788-05",0.906364404279423
"34203","TCGA-32-2494-01A-01D-1228-05","TCGA-32-2494-01A-01D-1228-05",1
"74919","TCGA-32-2494-01A-01D-1228-05","TCGA-32-4213-01A-01D-1228-05",0.951992382999567
"1839","TCGA-32-2494-01A-01D-1228-05","TCGA-16-1045-01B-01D-0521-05",0.944473798329495
"34552","TCGA-06-0876-01A-01D-0392-05","TCGA-06-0876-01A-01D-0392-05",1
"19936","TCGA-06-0876-01A-01D-0392-05","TCGA-02-0085-01A-01D-0199-05",0.950396814041184
"42904","TCGA-06-0876-01A-01D-0392-05","TCGA-02-0057-01A-01D-0186-05",0.949227842553883
"34901","TCGA-12-0820-01A-01D-0392-05","TCGA-12-0820-01A-01D-0392-05",1
"55781","TCGA-12-0820-01A-01D-0392-05","TCGA-28-2502-01B-01D-0788-05",0.929573560594496
"94061","TCGA-12-0820-01A-01D-0392-05","TCGA-06-0879-01A-01D-0392-05",0.929404946329129
"35250","TCGA-06-2558-01A-01D-0788-05","TCGA-06-2558-01A-01D-0788-05",1
"47778","TCGA-06-2558-01A-01D-0788-05","TCGA-27-1836-01A-01D-0788-05",0.940427095691455
"32466","TCGA-06-2558-01A-01D-0788-05","TCGA-06-1801-01A-02D-0595-05",0.936876929799264
"35599","TCGA-14-0813-01A-01D-0392-05","TCGA-14-0813-01A-01D-0392-05",1
"24463","TCGA-14-0813-01A-01D-0392-05","TCGA-12-1092-01B-01D-0521-05",0.946931255769034
"91279","TCGA-14-0813-01A-01D-0392-05","TCGA-12-1096-01A-01D-0521-05",0.943569962914632
"35948","TCGA-19-1786-01A-01D-0595-05","TCGA-19-1786-01A-01D-0595-05",1
"55784","TCGA-19-1786-01A-01D-0595-05","TCGA-28-2502-01B-01D-0788-05",0.924940675696659
"10892","TCGA-19-1786-01A-01D-0595-05","TCGA-14-1829-01A-01D-0595-05",0.92382984708331
"36297","TCGA-12-3651-01A-01D-0915-05","TCGA-12-3651-01A-01D-0915-05",1
"91281","TCGA-12-3651-01A-01D-0915-05","TCGA-12-1096-01A-01D-0521-05",0.945970933044165
"24465","TCGA-12-3651-01A-01D-0915-05","TCGA-12-1092-01B-01D-0521-05",0.944912843716107
"36646","TCGA-06-2561-01A-02D-0788-05","TCGA-06-2561-01A-02D-0788-05",1
"42910","TCGA-06-2561-01A-02D-0788-05","TCGA-02-0057-01A-01D-0186-05",0.958245803773784
"66226","TCGA-06-2561-01A-02D-0788-05","TCGA-28-2506-01A-02D-0788-05",0.954408201075094
"36995","TCGA-12-1094-01A-01D-0521-05","TCGA-12-1094-01A-01D-0521-05",1
"60659","TCGA-12-1094-01A-01D-0521-05","TCGA-28-1753-01A-01D-0788-05",0.946446388478426
"67271","TCGA-12-1094-01A-01D-0521-05","TCGA-27-1831-01A-01D-0788-05",0.946397257819256
"37344","TCGA-41-3392-01A-01D-0915-05","TCGA-41-3392-01A-01D-0915-05",1
"60660","TCGA-41-3392-01A-01D-0915-05","TCGA-28-1753-01A-01D-0788-05",0.934593852738358
"53352","TCGA-41-3392-01A-01D-0915-05","TCGA-32-1970-01A-01D-0788-05",0.933346968310581
"37693","TCGA-12-0828-01A-01D-0392-05","TCGA-12-0828-01A-01D-0392-05",1
"10549","TCGA-12-0828-01A-01D-0392-05","TCGA-06-0133-01A-02D-0218-05",0.950094882563433
"67273","TCGA-12-0828-01A-01D-0392-05","TCGA-27-1831-01A-01D-0788-05",0.949874725768465
"38042","TCGA-02-0003-01A-01D-0186-05","TCGA-02-0003-01A-01D-0186-05",1
"20294","TCGA-02-0003-01A-01D-0186-05","TCGA-19-2624-01A-01D-0915-05",0.918759560018019
"37694","TCGA-02-0003-01A-01D-0186-05","TCGA-12-0828-01A-01D-0392-05",0.912271435766613
"38391","TCGA-19-2629-01A-01D-0915-05","TCGA-19-2629-01A-01D-0915-05",1
"58227","TCGA-19-2629-01A-01D-0915-05","TCGA-02-2483-01A-01D-0788-05",0.935496764073192
"56835","TCGA-19-2629-01A-01D-0915-05","TCGA-19-1788-01A-01D-0595-05",0.933494897673192
"38740","TCGA-14-1825-01A-01D-0595-05","TCGA-14-1825-01A-01D-0595-05",1
"72148","TCGA-14-1825-01A-01D-0595-05","TCGA-19-0963-01B-01D-0521-05",0.931268852131644
"24472","TCGA-14-1825-01A-01D-0595-05","TCGA-12-1092-01B-01D-0521-05",0.926952389438362
"39089","TCGA-06-2562-01A-01D-0788-05","TCGA-06-2562-01A-01D-0788-05",1
"64841","TCGA-06-2562-01A-01D-0788-05","TCGA-27-2518-01A-01D-0788-05",0.941600473676626
"22733","TCGA-06-2562-01A-01D-0788-05","TCGA-19-2620-01A-01D-0915-05",0.939341606148497
"39438","TCGA-26-1443-01A-01D-0521-05","TCGA-26-1443-01A-01D-0521-05",1
"42918","TCGA-26-1443-01A-01D-0521-05","TCGA-02-0057-01A-01D-0186-05",0.929875094043078
"34566","TCGA-26-1443-01A-01D-0521-05","TCGA-06-0876-01A-01D-0392-05",0.929586465140289
"39787","TCGA-32-4210-01A-01D-1228-05","TCGA-32-4210-01A-01D-1228-05",1
"23431","TCGA-32-4210-01A-01D-1228-05","TCGA-32-1976-01A-01D-0788-05",0.903567877656518
"72151","TCGA-32-4210-01A-01D-1228-05","TCGA-19-0963-01B-01D-0521-05",0.902150733068595
"40136","TCGA-12-3646-01A-01D-0915-05","TCGA-12-3646-01A-01D-0915-05",1
"81896","TCGA-12-3646-01A-01D-0915-05","TCGA-14-0817-01A-01D-0392-05",0.910647757054775
"17168","TCGA-12-3646-01A-01D-0915-05","TCGA-12-1099-01A-01D-0521-05",0.907144446785102
"40485","TCGA-12-3644-01A-01D-0915-05","TCGA-12-3644-01A-01D-0915-05",1
"47793","TCGA-12-3644-01A-01D-0915-05","TCGA-27-1836-01A-01D-0788-05",0.933409886858431
"81201","TCGA-12-3644-01A-01D-0915-05","TCGA-02-0052-01A-01D-0186-05",0.932667919259139
"40834","TCGA-14-3476-01B-01D-1228-05","TCGA-14-3476-01B-01D-1228-05",1
"79114","TCGA-14-3476-01B-01D-1228-05","TCGA-41-3915-01A-01D-1228-05",0.951573199576151
"91294","TCGA-14-3476-01B-01D-1228-05","TCGA-12-1096-01A-01D-0521-05",0.949379964332747
"41183","TCGA-02-0028-01A-01D-0186-05","TCGA-02-0028-01A-01D-0186-05",1
"58235","TCGA-02-0028-01A-01D-0186-05","TCGA-02-2483-01A-01D-0788-05",0.911820995906466
"38399","TCGA-02-0028-01A-01D-0186-05","TCGA-19-2629-01A-01D-0915-05",0.899733484781214
"41532","TCGA-06-0139-01A-01D-0218-05","TCGA-06-0139-01A-01D-0218-05",1
"73200","TCGA-06-0139-01A-01D-0218-05","TCGA-06-0881-01A-02D-0392-05",0.983928627687402
"47448","TCGA-06-0139-01A-01D-0218-05","TCGA-06-0141-01A-01D-0218-05",0.982015732143325
"41881","TCGA-02-0010-01A-01D-0186-05","TCGA-02-0010-01A-01D-0186-05",1
"58237","TCGA-02-0010-01A-01D-0186-05","TCGA-02-2483-01A-01D-0788-05",0.936387471419097
"23089","TCGA-02-0010-01A-01D-0186-05","TCGA-14-1821-01A-01D-0595-05",0.925823049246614
"42230","TCGA-02-0089-01A-01D-0199-05","TCGA-02-0089-01A-01D-0199-05",1
"60674","TCGA-02-0089-01A-01D-0199-05","TCGA-28-1753-01A-01D-0788-05",0.951939065161744
"32834","TCGA-02-0089-01A-01D-0199-05","TCGA-27-2528-01A-01D-0788-05",0.948286561341634
"42579","TCGA-16-1047-01B-01D-0521-05","TCGA-16-1047-01B-01D-0521-05",1
"4995","TCGA-16-1047-01B-01D-0521-05","TCGA-12-0819-01A-01D-0392-05",0.928180539927076
"1863","TCGA-16-1047-01B-01D-0521-05","TCGA-16-1045-01B-01D-0521-05",0.925040700939604
"42928","TCGA-02-0057-01A-01D-0186-05","TCGA-02-0057-01A-01D-0186-05",1
"19960","TCGA-02-0057-01A-01D-0186-05","TCGA-02-0085-01A-01D-0199-05",0.969387497631849
"114616","TCGA-02-0057-01A-01D-0186-05","TCGA-06-0650-01A-02D-1697-05",0.961739972741904
"43277","TCGA-06-2557-01A-01D-0788-05","TCGA-06-2557-01A-01D-0788-05",1
"60677","TCGA-06-2557-01A-01D-0788-05","TCGA-28-1753-01A-01D-0788-05",0.938146478380593
"86429","TCGA-06-2557-01A-01D-0788-05","TCGA-12-3649-01A-01D-0915-05",0.93501024424302
"43626","TCGA-02-0043-01A-01D-0186-05","TCGA-02-0043-01A-01D-0186-05",1
"81558","TCGA-02-0043-01A-01D-0186-05","TCGA-12-3650-01A-01D-0915-05",0.916849462636532
"19266","TCGA-02-0043-01A-01D-0186-05","TCGA-32-2638-01A-01D-0915-05",0.909486058706084
"43975","TCGA-16-1060-01A-01D-0521-05","TCGA-16-1060-01A-01D-0521-05",1
"34579","TCGA-16-1060-01A-01D-0521-05","TCGA-06-0876-01A-01D-0392-05",0.943420358081278
"19963","TCGA-16-1060-01A-01D-0521-05","TCGA-02-0085-01A-01D-0199-05",0.942776552549271
"44324","TCGA-12-0818-01A-01D-0392-05","TCGA-12-0818-01A-01D-0392-05",1
"15092","TCGA-12-0818-01A-01D-0392-05","TCGA-16-1460-01A-01D-0595-05",0.90637026367386
"50588","TCGA-12-0818-01A-01D-0392-05","TCGA-14-1458-01A-01D-0595-05",0.905412973249403
"44673","TCGA-32-1991-01A-01D-1228-05","TCGA-32-1991-01A-01D-1228-05",1
"60681","TCGA-32-1991-01A-01D-1228-05","TCGA-28-1753-01A-01D-0788-05",0.9393266002367
"79125","TCGA-32-1991-01A-01D-1228-05","TCGA-41-3915-01A-01D-1228-05",0.938841382062521
"45022","TCGA-27-2519-01A-01D-0788-05","TCGA-27-2519-01A-01D-0788-05",1
"91306","TCGA-27-2519-01A-01D-0788-05","TCGA-12-1096-01A-01D-0521-05",0.956454602273572
"55810","TCGA-27-2519-01A-01D-0788-05","TCGA-28-2502-01B-01D-0788-05",0.949823853227126
"45371","TCGA-14-1034-01A-01D-0521-05","TCGA-14-1034-01A-01D-0521-05",1
"42935","TCGA-14-1034-01A-01D-0521-05","TCGA-02-0057-01A-01D-0186-05",0.943252446045031
"52679","TCGA-14-1034-01A-01D-0521-05","TCGA-28-1752-01A-01D-0595-05",0.939754417788842
"45720","TCGA-15-1446-01A-01D-0521-05","TCGA-15-1446-01A-01D-0521-05",1
"55812","TCGA-15-1446-01A-01D-0521-05","TCGA-28-2502-01B-01D-0788-05",0.950461561445272
"64860","TCGA-15-1446-01A-01D-0521-05","TCGA-27-2518-01A-01D-0788-05",0.947522415805994
"46069","TCGA-19-2621-01B-01D-0915-05","TCGA-19-2621-01B-01D-0915-05",1
"37717","TCGA-19-2621-01B-01D-0915-05","TCGA-12-0828-01A-01D-0392-05",0.927493123593635
"48853","TCGA-19-2621-01B-01D-0915-05","TCGA-32-2632-01A-01D-0915-05",0.925669723344
"46418","TCGA-06-0882-01A-01D-0392-05","TCGA-06-0882-01A-01D-0392-05",1
"71822","TCGA-06-0882-01A-01D-0392-05","TCGA-12-0822-01A-01D-0392-05",0.969931937672112
"88178","TCGA-06-0882-01A-01D-0392-05","TCGA-27-2527-01A-01D-0788-05",0.965192125297571
"46767","TCGA-16-0850-01A-01D-0392-05","TCGA-16-0850-01A-01D-0392-05",1
"58251","TCGA-16-0850-01A-01D-0392-05","TCGA-02-2483-01A-01D-0788-05",0.91389039210637
"57555","TCGA-16-0850-01A-01D-0392-05","TCGA-06-1805-01A-01D-0595-05",0.910269743135432
"47116","TCGA-12-3648-01A-01D-0915-05","TCGA-12-3648-01A-01D-0915-05",1
"5008","TCGA-12-3648-01A-01D-0915-05","TCGA-12-0819-01A-01D-0392-05",0.928639659051924
"61384","TCGA-12-3648-01A-01D-0915-05","TCGA-14-1402-01A-01D-0521-05",0.925515581665452
"47465","TCGA-06-0141-01A-01D-0218-05","TCGA-06-0141-01A-01D-0218-05",1
"41549","TCGA-06-0141-01A-01D-0218-05","TCGA-06-0139-01A-01D-0218-05",0.982015732143325
"73217","TCGA-06-0141-01A-01D-0218-05","TCGA-06-0881-01A-02D-0392-05",0.981657172512383
"47814","TCGA-27-1836-01A-01D-0788-05","TCGA-27-1836-01A-01D-0788-05",1
"1878","TCGA-27-1836-01A-01D-0788-05","TCGA-16-1045-01B-01D-0521-05",0.952122274775466
"85398","TCGA-27-1836-01A-01D-0788-05","TCGA-12-1095-01A-01D-0521-05",0.951546478312561
"48163","TCGA-32-4211-01A-01D-1228-05","TCGA-32-4211-01A-01D-1228-05",1
"30415","TCGA-32-4211-01A-01D-1228-05","TCGA-19-1790-01B-01D-1228-05",0.939863002961101
"60691","TCGA-32-4211-01A-01D-1228-05","TCGA-28-1753-01A-01D-0788-05",0.939197461507394
"48512","TCGA-12-1089-01A-01D-0521-05","TCGA-12-1089-01A-01D-0521-05",1
"91316","TCGA-12-1089-01A-01D-0521-05","TCGA-12-1096-01A-01D-0521-05",0.941461479031818
"55820","TCGA-12-1089-01A-01D-0521-05","TCGA-28-2502-01B-01D-0788-05",0.939916172768165
"48861","TCGA-32-2632-01A-01D-0915-05","TCGA-32-2632-01A-01D-0915-05",1
"55821","TCGA-32-2632-01A-01D-0915-05","TCGA-28-2502-01B-01D-0788-05",0.952135846664138
"91317","TCGA-32-2632-01A-01D-0915-05","TCGA-12-1096-01A-01D-0521-05",0.95094314874771
"49210","TCGA-02-2485-01A-01D-0788-05","TCGA-02-2485-01A-01D-0788-05",1
"64870","TCGA-02-2485-01A-01D-0788-05","TCGA-27-2518-01A-01D-0788-05",0.926991770570177
"22762","TCGA-02-2485-01A-01D-0788-05","TCGA-19-2620-01A-01D-0915-05",0.926484271580912
"49559","TCGA-19-1390-01A-01D-0915-05","TCGA-19-1390-01A-01D-0915-05",1
"81923","TCGA-19-1390-01A-01D-0915-05","TCGA-14-0817-01A-01D-0392-05",0.897357472822204
"21371","TCGA-19-1390-01A-01D-0915-05","TCGA-19-1387-01A-01D-0595-05",0.888955378397397
"49908","TCGA-16-0846-01A-01D-0392-05","TCGA-16-0846-01A-01D-0392-05",1
"80184","TCGA-16-0846-01A-01D-0392-05","TCGA-16-0848-01A-01D-0392-05",0.932862568471651
"91320","TCGA-16-0846-01A-01D-0392-05","TCGA-12-1096-01A-01D-0521-05",0.932809845599785
"50257","TCGA-32-4208-01A-01D-1228-05","TCGA-32-4208-01A-01D-1228-05",1
"56869","TCGA-32-4208-01A-01D-1228-05","TCGA-19-1788-01A-01D-0595-05",0.933204623973609
"50605","TCGA-32-4208-01A-01D-1228-05","TCGA-14-1458-01A-01D-0595-05",0.932654190000448
"50606","TCGA-14-1458-01A-01D-0595-05","TCGA-14-1458-01A-01D-0595-05",1
"56870","TCGA-14-1458-01A-01D-0595-05","TCGA-19-1788-01A-01D-0595-05",0.963936089934516
"17546","TCGA-14-1458-01A-01D-0595-05","TCGA-14-1456-01B-01D-0788-05",0.955192970539853
"50955","TCGA-02-0046-01A-01D-0186-05","TCGA-02-0046-01A-01D-0186-05",1
"20331","TCGA-02-0046-01A-01D-0186-05","TCGA-19-2624-01A-01D-0915-05",0.928163317518265
"60699","TCGA-02-0046-01A-01D-0186-05","TCGA-28-1753-01A-01D-0788-05",0.925780174537023
"51304","TCGA-14-0867-01A-01D-0392-05","TCGA-14-0867-01A-01D-0392-05",1
"81232","TCGA-14-0867-01A-01D-0392-05","TCGA-02-0052-01A-01D-0186-05",0.93905463829991
"55828","TCGA-14-0867-01A-01D-0392-05","TCGA-28-2502-01B-01D-0788-05",0.938846032080373
"51653","TCGA-14-3477-01A-01D-0915-05","TCGA-14-3477-01A-01D-0915-05",1
"77057","TCGA-14-3477-01A-01D-0915-05","TCGA-02-0011-01B-01D-0186-05",0.866842874894115
"78797","TCGA-14-3477-01A-01D-0915-05","TCGA-02-0047-01A-01D-0186-05",0.86671585506703
"52002","TCGA-14-1401-01A-01D-0521-05","TCGA-14-1401-01A-01D-0521-05",1
"91326","TCGA-14-1401-01A-01D-0521-05","TCGA-12-1096-01A-01D-0521-05",0.959727086980448
"60702","TCGA-14-1401-01A-01D-0521-05","TCGA-28-1753-01A-01D-0788-05",0.954931408354027
"52351","TCGA-06-2569-01A-01D-0788-05","TCGA-06-2569-01A-01D-0788-05",1
"84715","TCGA-06-2569-01A-01D-0788-05","TCGA-14-0871-01A-01D-0392-05",0.868660157710715
"58615","TCGA-06-2569-01A-01D-0788-05","TCGA-02-0027-01A-01D-0186-05",0.845402712139157
"52700","TCGA-28-1752-01A-01D-0595-05","TCGA-28-1752-01A-01D-0595-05",1
"42956","TCGA-28-1752-01A-01D-0595-05","TCGA-02-0057-01A-01D-0186-05",0.960850955691195
"19988","TCGA-28-1752-01A-01D-0595-05","TCGA-02-0085-01A-01D-0199-05",0.956090380211917
"53049","TCGA-41-4097-01A-01D-1228-05","TCGA-41-4097-01A-01D-1228-05",1
"23817","TCGA-41-4097-01A-01D-1228-05","TCGA-32-1977-01A-01D-1228-05",0.952778015824039
"42957","TCGA-41-4097-01A-01D-1228-05","TCGA-02-0057-01A-01D-0186-05",0.95204791275348
"53398","TCGA-32-1970-01A-01D-0788-05","TCGA-32-1970-01A-01D-0788-05",1
"67318","TCGA-32-1970-01A-01D-0788-05","TCGA-27-1831-01A-01D-0788-05",0.947004543849034
"60706","TCGA-32-1970-01A-01D-0788-05","TCGA-28-1753-01A-01D-0788-05",0.944917504790992
"53747","TCGA-14-0790-01B-01D-0788-05","TCGA-14-0790-01B-01D-0788-05",1
"70103","TCGA-14-0790-01B-01D-0788-05","TCGA-16-1062-01A-01D-0521-05",0.916962366906145
"61403","TCGA-14-0790-01B-01D-0788-05","TCGA-14-1402-01A-01D-0521-05",0.915357499705349
"54096","TCGA-14-0789-01A-01D-0392-05","TCGA-14-0789-01A-01D-0392-05",1
"86808","TCGA-14-0789-01A-01D-0392-05","TCGA-12-0829-01A-01D-0392-05",0.957948604989744
"60708","TCGA-14-0789-01A-01D-0392-05","TCGA-28-1753-01A-01D-0788-05",0.95571782560559
"54445","TCGA-14-1795-01A-01D-0595-05","TCGA-14-1795-01A-01D-0595-05",1
"60709","TCGA-14-1795-01A-01D-0595-05","TCGA-28-1753-01A-01D-0788-05",0.934107855844414
"54097","TCGA-14-1795-01A-01D-0595-05","TCGA-14-0789-01A-01D-0392-05",0.929021354879964
"54794","TCGA-16-0861-01A-01D-0392-05","TCGA-16-0861-01A-01D-0392-05",1
"77414","TCGA-16-0861-01A-01D-0392-05","TCGA-06-0143-01A-01D-0218-05",0.923368760889913
"72194","TCGA-16-0861-01A-01D-0392-05","TCGA-19-0963-01B-01D-0521-05",0.921397499722178
"55143","TCGA-12-1602-01A-01D-0595-05","TCGA-12-1602-01A-01D-0595-05",1
"24519","TCGA-12-1602-01A-01D-0595-05","TCGA-12-1092-01B-01D-0521-05",0.936295931555915
"65931","TCGA-12-1602-01A-01D-0595-05","TCGA-14-1794-01A-01D-0595-05",0.934980350904542
"55492","TCGA-06-2564-01A-01D-0788-05","TCGA-06-2564-01A-01D-0788-05",1
"67324","TCGA-06-2564-01A-01D-0788-05","TCGA-27-1831-01A-01D-0788-05",0.945511115151788
"60712","TCGA-06-2564-01A-01D-0788-05","TCGA-28-1753-01A-01D-0788-05",0.943965810911396
"55841","TCGA-28-2502-01B-01D-0788-05","TCGA-28-2502-01B-01D-0788-05",1
"88205","TCGA-28-2502-01B-01D-0788-05","TCGA-27-2527-01A-01D-0788-05",0.96525266646872
"91337","TCGA-28-2502-01B-01D-0788-05","TCGA-12-1096-01A-01D-0521-05",0.964096026246512
"56190","TCGA-02-0086-01A-01D-0199-05","TCGA-02-0086-01A-01D-0199-05",1
"42966","TCGA-02-0086-01A-01D-0199-05","TCGA-02-0057-01A-01D-0186-05",0.961518808581534
"19998","TCGA-02-0086-01A-01D-0199-05","TCGA-02-0085-01A-01D-0199-05",0.955643903679187
"56539","TCGA-06-0875-01A-01D-0392-05","TCGA-06-0875-01A-01D-0392-05",1
"32527","TCGA-06-0875-01A-01D-0392-05","TCGA-06-1801-01A-02D-0595-05",0.922008641672938
"90643","TCGA-06-0875-01A-01D-0392-05","TCGA-12-1088-01A-01D-0521-05",0.914945440076094
"56888","TCGA-19-1788-01A-01D-0595-05","TCGA-19-1788-01A-01D-0595-05",1
"50624","TCGA-19-1788-01A-01D-0595-05","TCGA-14-1458-01A-01D-0595-05",0.963936089934516
"15128","TCGA-19-1788-01A-01D-0595-05","TCGA-16-1460-01A-01D-0595-05",0.953532586263524
"57237","TCGA-26-1440-01A-01D-0521-05","TCGA-26-1440-01A-01D-0521-05",1
"91341","TCGA-26-1440-01A-01D-0521-05","TCGA-12-1096-01A-01D-0521-05",0.94395359402364
"52017","TCGA-26-1440-01A-01D-0521-05","TCGA-14-1401-01A-01D-0521-05",0.943809548431645
"57586","TCGA-06-1805-01A-01D-0595-05","TCGA-06-1805-01A-01D-0595-05",1
"31138","TCGA-06-1805-01A-01D-0595-05","TCGA-12-0827-01A-01D-0392-05",0.941100795812767
"13042","TCGA-06-1805-01A-01D-0595-05","TCGA-02-0058-01A-01D-0186-05",0.931732630526848
"57935","TCGA-12-1098-01C-01D-0521-05","TCGA-12-1098-01C-01D-0521-05",1
"61415","TCGA-12-1098-01C-01D-0521-05","TCGA-14-1402-01A-01D-0521-05",0.921980056373961
"56195","TCGA-12-1098-01C-01D-0521-05","TCGA-02-0086-01A-01D-0199-05",0.920703394560125
"58284","TCGA-02-2483-01A-01D-0788-05","TCGA-02-2483-01A-01D-0788-05",1
"41928","TCGA-02-2483-01A-01D-0788-05","TCGA-02-0010-01A-01D-0186-05",0.936387471419097
"38448","TCGA-02-2483-01A-01D-0788-05","TCGA-19-2629-01A-01D-0915-05",0.935496764073192
"58633","TCGA-02-0027-01A-01D-0186-05","TCGA-02-0027-01A-01D-0186-05",1
"90301","TCGA-02-0027-01A-01D-0186-05","TCGA-06-2566-01A-01D-0788-05",0.965107858829872
"42973","TCGA-02-0027-01A-01D-0186-05","TCGA-02-0057-01A-01D-0186-05",0.952498328489733
"58982","TCGA-16-0849-01A-01D-0392-05","TCGA-16-0849-01A-01D-0392-05",1
"56894","TCGA-16-0849-01A-01D-0392-05","TCGA-19-1788-01A-01D-0595-05",0.943146896804342
"50630","TCGA-16-0849-01A-01D-0392-05","TCGA-14-1458-01A-01D-0595-05",0.938001345813268
"59331","TCGA-26-1439-01A-01D-1228-05","TCGA-26-1439-01A-01D-1228-05",1
"67335","TCGA-26-1439-01A-01D-1228-05","TCGA-27-1831-01A-01D-0788-05",0.894050217176558
"91347","TCGA-26-1439-01A-01D-1228-05","TCGA-12-1096-01A-01D-0521-05",0.893412331555559
"59680","TCGA-28-2509-01A-01D-0788-05","TCGA-28-2509-01A-01D-0788-05",1
"36712","TCGA-28-2509-01A-01D-0788-05","TCGA-06-2561-01A-02D-0788-05",0.902917753705969
"66292","TCGA-28-2509-01A-01D-0788-05","TCGA-28-2506-01A-02D-0788-05",0.901309846694778
"60029","TCGA-12-1090-01A-01D-0521-05","TCGA-12-1090-01A-01D-0521-05",1
"24533","TCGA-12-1090-01A-01D-0521-05","TCGA-12-1092-01B-01D-0521-05",0.874949555981557
"35669","TCGA-12-1090-01A-01D-0521-05","TCGA-14-0813-01A-01D-0392-05",0.874081467154892
"60378","TCGA-28-1749-01A-01D-0595-05","TCGA-28-1749-01A-01D-0595-05",1
"32886","TCGA-28-1749-01A-01D-0595-05","TCGA-27-2528-01A-01D-0788-05",0.938040711877329
"60726","TCGA-28-1749-01A-01D-0595-05","TCGA-28-1753-01A-01D-0788-05",0.936371698626852
"60727","TCGA-28-1753-01A-01D-0788-05","TCGA-28-1753-01A-01D-0788-05",1
"55855","TCGA-28-1753-01A-01D-0788-05","TCGA-28-2502-01B-01D-0788-05",0.960305729188248
"91351","TCGA-28-1753-01A-01D-0788-05","TCGA-12-1096-01A-01D-0521-05",0.959193411472131
"61076","TCGA-06-0169-01A-01D-0218-05","TCGA-06-0169-01A-01D-0218-05",1
"86828","TCGA-06-0169-01A-01D-0218-05","TCGA-12-0829-01A-01D-0392-05",0.95738304092437
"88220","TCGA-06-0169-01A-01D-0218-05","TCGA-27-2527-01A-01D-0788-05",0.952929965633479
"61425","TCGA-14-1402-01A-01D-0521-05","TCGA-14-1402-01A-01D-0521-05",1
"33585","TCGA-14-1402-01A-01D-0521-05","TCGA-32-1982-01A-01D-0788-05",0.940477637445763
"5049","TCGA-14-1402-01A-01D-0521-05","TCGA-12-0819-01A-01D-0392-05",0.940351695299583
"61774","TCGA-19-2623-01A-01D-0915-05","TCGA-19-2623-01A-01D-0915-05",1
"55858","TCGA-19-2623-01A-01D-0915-05","TCGA-28-2502-01B-01D-0788-05",0.944027028727814
"64906","TCGA-19-2623-01A-01D-0915-05","TCGA-27-2518-01A-01D-0788-05",0.937058319609452
"62123","TCGA-14-0866-01B-01D-0595-05","TCGA-14-0866-01B-01D-0595-05",1
"60731","TCGA-14-0866-01B-01D-0595-05","TCGA-28-1753-01A-01D-0788-05",0.943167845913113
"32891","TCGA-14-0866-01B-01D-0595-05","TCGA-27-2528-01A-01D-0788-05",0.936401553767961
"62472","TCGA-06-2565-01A-01D-0788-05","TCGA-06-2565-01A-01D-0788-05",1
"19320","TCGA-06-2565-01A-01D-0788-05","TCGA-32-2638-01A-01D-0915-05",0.933763613405274
"32892","TCGA-06-2565-01A-01D-0788-05","TCGA-27-2528-01A-01D-0788-05",0.932758271669469
"62821","TCGA-28-1746-01A-01D-0595-05","TCGA-28-1746-01A-01D-0595-05",1
"35329","TCGA-28-1746-01A-01D-0595-05","TCGA-06-2558-01A-01D-0788-05",0.921669170791135
"34633","TCGA-28-1746-01A-01D-0595-05","TCGA-06-0876-01A-01D-0392-05",0.915575053651334
"63170","TCGA-02-0115-01A-01D-0199-05","TCGA-02-0115-01A-01D-0199-05",1
"71870","TCGA-02-0115-01A-01D-0199-05","TCGA-12-0822-01A-01D-0392-05",0.958569997902914
"46466","TCGA-02-0115-01A-01D-0199-05","TCGA-06-0882-01A-01D-0392-05",0.957894875892513
"63519","TCGA-14-0736-01A-01D-0521-05","TCGA-14-0736-01A-01D-0521-05",1
"73959","TCGA-14-0736-01A-01D-0521-05","TCGA-28-1745-01B-01D-0595-05",0.953947839111584
"91359","TCGA-14-0736-01A-01D-0521-05","TCGA-12-1096-01A-01D-0521-05",0.953106543155942
"63868","TCGA-06-2559-01A-01D-0788-05","TCGA-06-2559-01A-01D-0788-05",1
"52036","TCGA-06-2559-01A-01D-0788-05","TCGA-14-1401-01A-01D-0521-05",0.931741758154831
"20368","TCGA-06-2559-01A-01D-0788-05","TCGA-19-2624-01A-01D-0915-05",0.929874502563701
"64217","TCGA-02-0064-01A-01D-0199-05","TCGA-02-0064-01A-01D-0199-05",1
"60737","TCGA-02-0064-01A-01D-0199-05","TCGA-28-1753-01A-01D-0788-05",0.94728895555678
"55865","TCGA-02-0064-01A-01D-0199-05","TCGA-28-2502-01B-01D-0788-05",0.944542161355442
"64566","TCGA-06-0939-01A-01D-1228-05","TCGA-06-0939-01A-01D-1228-05",1
"53082","TCGA-06-0939-01A-01D-1228-05","TCGA-41-4097-01A-01D-1228-05",0.930932863406006
"23850","TCGA-06-0939-01A-01D-1228-05","TCGA-32-1977-01A-01D-1228-05",0.927256709258455
"64915","TCGA-27-2518-01A-01D-0788-05","TCGA-27-2518-01A-01D-0788-05",1
"55867","TCGA-27-2518-01A-01D-0788-05","TCGA-28-2502-01B-01D-0788-05",0.953915183924222
"30115","TCGA-27-2518-01A-01D-0788-05","TCGA-27-2524-01A-01D-0788-05",0.949554490097025
"65264","TCGA-27-1832-01A-01D-0595-05","TCGA-27-1832-01A-01D-0595-05",1
"21764","TCGA-27-1832-01A-01D-0595-05","TCGA-28-2513-01A-01D-0788-05",0.95675448887976
"75356","TCGA-27-1832-01A-01D-0595-05","TCGA-28-1751-01A-02D-0595-05",0.956624839900037
"65613","TCGA-12-0821-01A-01D-0392-05","TCGA-12-0821-01A-01D-0392-05",1
"57261","TCGA-12-0821-01A-01D-0392-05","TCGA-26-1440-01A-01D-0521-05",0.922154282378972
"7845","TCGA-12-0821-01A-01D-0392-05","TCGA-15-1449-01A-01D-0521-05",0.917686208466172
"65962","TCGA-14-1794-01A-01D-0595-05","TCGA-14-1794-01A-01D-0595-05",1
"91366","TCGA-14-1794-01A-01D-0595-05","TCGA-12-1096-01A-01D-0521-05",0.956702604193228
"60742","TCGA-14-1794-01A-01D-0595-05","TCGA-28-1753-01A-01D-0788-05",0.955941300164742
"66311","TCGA-28-2506-01A-02D-0788-05","TCGA-28-2506-01A-02D-0788-05",1
"42995","TCGA-28-2506-01A-02D-0788-05","TCGA-02-0057-01A-01D-0186-05",0.955620469329985
"36731","TCGA-28-2506-01A-02D-0788-05","TCGA-06-2561-01A-02D-0788-05",0.954408201075094
"66660","TCGA-19-4068-01A-01D-1228-05","TCGA-19-4068-01A-01D-1228-05",1
"20028","TCGA-19-4068-01A-01D-1228-05","TCGA-02-0085-01A-01D-0199-05",0.93659610597032
"42996","TCGA-19-4068-01A-01D-1228-05","TCGA-02-0057-01A-01D-0186-05",0.936432969802253
"67009","TCGA-27-1833-01A-01D-0595-05","TCGA-27-1833-01A-01D-0595-05",1
"61441","TCGA-27-1833-01A-01D-0595-05","TCGA-14-1402-01A-01D-0521-05",0.923908580918631
"70141","TCGA-27-1833-01A-01D-0595-05","TCGA-16-1062-01A-01D-0521-05",0.92182099979034
"67358","TCGA-27-1831-01A-01D-0788-05","TCGA-27-1831-01A-01D-0788-05",1
"91370","TCGA-27-1831-01A-01D-0788-05","TCGA-12-1096-01A-01D-0521-05",0.956108898639207
"71882","TCGA-27-1831-01A-01D-0788-05","TCGA-12-0822-01A-01D-0392-05",0.955817748090736
"67707","TCGA-19-0955-01A-02D-0521-05","TCGA-19-0955-01A-02D-0521-05",1
"88239","TCGA-19-0955-01A-02D-0521-05","TCGA-27-2527-01A-01D-0788-05",0.959867574693244
"28383","TCGA-19-0955-01A-02D-0521-05","TCGA-32-1986-01A-01D-0788-05",0.955482983509455
"68056","TCGA-12-1097-01B-01D-0521-05","TCGA-12-1097-01B-01D-0521-05",1
"25948","TCGA-12-1097-01B-01D-0521-05","TCGA-27-1830-01A-01D-0595-05",0.94035324277162
"65968","TCGA-12-1097-01B-01D-0521-05","TCGA-14-1794-01A-01D-0595-05",0.93664851707101
"68405","TCGA-12-0670-01B-01D-0392-05","TCGA-12-0670-01B-01D-0392-05",1
"19337","TCGA-12-0670-01B-01D-0392-05","TCGA-32-2638-01A-01D-0915-05",0.929807072168712
"60401","TCGA-12-0670-01B-01D-0392-05","TCGA-28-1749-01A-01D-0595-05",0.925183870481488
"68754","TCGA-26-1799-01A-02D-0595-05","TCGA-26-1799-01A-02D-0595-05",1
"6462","TCGA-26-1799-01A-02D-0595-05","TCGA-28-1747-01C-01D-0788-05",0.937273041719438
"55878","TCGA-26-1799-01A-02D-0595-05","TCGA-28-2502-01B-01D-0788-05",0.936045046163199
"69103","TCGA-06-0155-01B-01D-0521-05","TCGA-06-0155-01B-01D-0521-05",1
"60751","TCGA-06-0155-01B-01D-0521-05","TCGA-28-1753-01A-01D-0788-05",0.951560596109892
"55879","TCGA-06-0155-01B-01D-0521-05","TCGA-28-2502-01B-01D-0788-05",0.943035677691164
"69452","TCGA-19-1386-01A-01D-0595-05","TCGA-19-1386-01A-01D-0595-05",1
"32912","TCGA-19-1386-01A-01D-0595-05","TCGA-27-2528-01A-01D-0788-05",0.94089254787415
"30128","TCGA-19-1386-01A-01D-0595-05","TCGA-27-2524-01A-01D-0788-05",0.936947113717698
"69801","TCGA-06-0128-01A-01D-0218-05","TCGA-06-0128-01A-01D-0218-05",1
"58317","TCGA-06-0128-01A-01D-0218-05","TCGA-02-2483-01A-01D-0788-05",0.925846600452985
"38481","TCGA-06-0128-01A-01D-0218-05","TCGA-19-2629-01A-01D-0915-05",0.9216901679102
"70150","TCGA-16-1062-01A-01D-0521-05","TCGA-16-1062-01A-01D-0521-05",1
"61450","TCGA-16-1062-01A-01D-0521-05","TCGA-14-1402-01A-01D-0521-05",0.935575905733195
"5074","TCGA-16-1062-01A-01D-0521-05","TCGA-12-0819-01A-01D-0392-05",0.930057351319991
"70499","TCGA-14-1455-01A-01D-0595-05","TCGA-14-1455-01A-01D-0595-05",1
"32567","TCGA-14-1455-01A-01D-0595-05","TCGA-06-1801-01A-02D-0595-05",0.915649043283957
"72239","TCGA-14-1455-01A-01D-0595-05","TCGA-19-0963-01B-01D-0521-05",0.914234991686413
"70848","TCGA-28-1756-01C-01D-0788-05","TCGA-28-1756-01C-01D-0788-05",1
"56928","TCGA-28-1756-01C-01D-0788-05","TCGA-19-1788-01A-01D-0595-05",0.938405105604771
"38484","TCGA-28-1756-01C-01D-0788-05","TCGA-19-2629-01A-01D-0915-05",0.931090689044582
"71197","TCGA-32-2634-01A-01D-0915-05","TCGA-32-2634-01A-01D-0915-05",1
"22825","TCGA-32-2634-01A-01D-0915-05","TCGA-19-2620-01A-01D-0915-05",0.917330618313672
"86509","TCGA-32-2634-01A-01D-0915-05","TCGA-12-3649-01A-01D-0915-05",0.91501345537042
"71546","TCGA-12-3652-01A-01D-0915-05","TCGA-12-3652-01A-01D-0915-05",1
"19346","TCGA-12-3652-01A-01D-0915-05","TCGA-32-2638-01A-01D-0915-05",0.931542644881557
"42314","TCGA-12-3652-01A-01D-0915-05","TCGA-02-0089-01A-01D-0199-05",0.929149971386828
"71895","TCGA-12-0822-01A-01D-0392-05","TCGA-12-0822-01A-01D-0392-05",1
"88251","TCGA-12-0822-01A-01D-0392-05","TCGA-27-2527-01A-01D-0788-05",0.970378652518486
"76767","TCGA-12-0822-01A-01D-0392-05","TCGA-19-1389-01A-01D-0595-05",0.970255883755484
"72244","TCGA-19-0963-01B-01D-0521-05","TCGA-19-0963-01B-01D-0521-05",1
"52060","TCGA-19-0963-01B-01D-0521-05","TCGA-14-1401-01A-01D-0521-05",0.95218422617782
"24568","TCGA-19-0963-01B-01D-0521-05","TCGA-12-1092-01B-01D-0521-05",0.952181317638128
"72593","TCGA-12-1599-01A-01D-0595-05","TCGA-12-1599-01A-01D-0595-05",1
"43013","TCGA-12-1599-01A-01D-0595-05","TCGA-02-0057-01A-01D-0186-05",0.953461465015349
"52757","TCGA-12-1599-01A-01D-0595-05","TCGA-28-1752-01A-01D-0595-05",0.951152482808185
"72942","TCGA-19-1388-01A-01D-0595-05","TCGA-19-1388-01A-01D-0595-05",1
"24570","TCGA-19-1388-01A-01D-0595-05","TCGA-12-1092-01B-01D-0521-05",0.894723157177456
"72246","TCGA-19-1388-01A-01D-0595-05","TCGA-19-0963-01B-01D-0521-05",0.894223949015919
"73291","TCGA-06-0881-01A-02D-0392-05","TCGA-06-0881-01A-02D-0392-05",1
"41623","TCGA-06-0881-01A-02D-0392-05","TCGA-06-0139-01A-01D-0218-05",0.983928627687402
"1255","TCGA-06-0881-01A-02D-0392-05","TCGA-02-0107-01A-01D-0199-05",0.98229616841375
"73640","TCGA-26-1438-01A-01D-0521-05","TCGA-26-1438-01A-01D-0521-05",1
"1256","TCGA-26-1438-01A-01D-0521-05","TCGA-02-0107-01A-01D-0199-05",0.974315281180497
"91388","TCGA-26-1438-01A-01D-0521-05","TCGA-12-1096-01A-01D-0521-05",0.972664284336708
"73989","TCGA-28-1745-01B-01D-0595-05","TCGA-28-1745-01B-01D-0595-05",1
"88257","TCGA-28-1745-01B-01D-0595-05","TCGA-27-2527-01A-01D-0788-05",0.970710556819361
"91389","TCGA-28-1745-01B-01D-0595-05","TCGA-12-1096-01A-01D-0521-05",0.96947294444209
"74338","TCGA-19-0962-01B-01D-0521-05","TCGA-19-0962-01B-01D-0521-05",1
"20050","TCGA-19-0962-01B-01D-0521-05","TCGA-02-0085-01A-01D-0199-05",0.948000326819474
"43018","TCGA-19-0962-01B-01D-0521-05","TCGA-02-0057-01A-01D-0186-05",0.94794536608043
"74687","TCGA-14-0783-01B-01D-0521-05","TCGA-14-0783-01B-01D-0521-05",1
"81995","TCGA-14-0783-01B-01D-0521-05","TCGA-14-0817-01A-01D-0392-05",0.924644926208127
"70163","TCGA-14-0783-01B-01D-0521-05","TCGA-16-1062-01A-01D-0521-05",0.916825334141446
"75036","TCGA-32-4213-01A-01D-1228-05","TCGA-32-4213-01A-01D-1228-05",1
"34320","TCGA-32-4213-01A-01D-1228-05","TCGA-32-2494-01A-01D-1228-05",0.951992382999567
"23880","TCGA-32-4213-01A-01D-1228-05","TCGA-32-1977-01A-01D-1228-05",0.944910057882841
"75385","TCGA-28-1751-01A-02D-0595-05","TCGA-28-1751-01A-02D-0595-05",1
"21793","TCGA-28-1751-01A-02D-0595-05","TCGA-28-2513-01A-01D-0788-05",0.971494527039273
"83041","TCGA-28-1751-01A-02D-0595-05","TCGA-14-1037-01A-01D-0595-05",0.959250410180861
"75734","TCGA-12-1597-01B-01D-0915-05","TCGA-12-1597-01B-01D-0915-05",1
"1610","TCGA-12-1597-01B-01D-0915-05","TCGA-32-2495-01A-01D-1228-05",0.928662635563853
"61466","TCGA-12-1597-01B-01D-0915-05","TCGA-14-1402-01A-01D-0521-05",0.926869651722492
"76083","TCGA-32-2615-01A-01D-0915-05","TCGA-32-2615-01A-01D-0915-05",1
"67383","TCGA-32-2615-01A-01D-0915-05","TCGA-27-1831-01A-01D-0788-05",0.944049001740237
"28407","TCGA-32-2615-01A-01D-0915-05","TCGA-32-1986-01A-01D-0788-05",0.941345043915273
"76432","TCGA-41-2575-01A-01D-0915-05","TCGA-41-2575-01A-01D-0915-05",1
"36412","TCGA-41-2575-01A-01D-0915-05","TCGA-12-3651-01A-01D-0915-05",0.932349514695947
"72256","TCGA-41-2575-01A-01D-0915-05","TCGA-19-0963-01B-01D-0521-05",0.929091805509387
"76781","TCGA-19-1389-01A-01D-0595-05","TCGA-19-1389-01A-01D-0595-05",1
"88265","TCGA-19-1389-01A-01D-0595-05","TCGA-27-2527-01A-01D-0788-05",0.970900064375992
"71909","TCGA-19-1389-01A-01D-0595-05","TCGA-12-0822-01A-01D-0392-05",0.970255883755484
"77130","TCGA-02-0011-01B-01D-0186-05","TCGA-02-0011-01B-01D-0186-05",1
"78870","TCGA-02-0011-01B-01D-0186-05","TCGA-02-0047-01A-01D-0186-05",0.905936313551705
"32586","TCGA-02-0011-01B-01D-0186-05","TCGA-06-1801-01A-02D-0595-05",0.897610583699608
"77479","TCGA-06-0143-01A-01D-0218-05","TCGA-06-0143-01A-01D-0218-05",1
"91399","TCGA-06-0143-01A-01D-0218-05","TCGA-12-1096-01A-01D-0521-05",0.955918927454012
"82699","TCGA-06-0143-01A-01D-0218-05","TCGA-02-0034-01A-01D-0186-05",0.954491264499979
"77828","TCGA-19-1789-01A-01D-0595-05","TCGA-19-1789-01A-01D-0595-05",1
"33632","TCGA-19-1789-01A-01D-0595-05","TCGA-32-1982-01A-01D-0788-05",0.926662134563841
"61472","TCGA-19-1789-01A-01D-0595-05","TCGA-14-1402-01A-01D-0521-05",0.926033444360419
"78177","TCGA-28-1755-01A-01D-0595-05","TCGA-28-1755-01A-01D-0595-05",1
"47901","TCGA-28-1755-01A-01D-0595-05","TCGA-27-1836-01A-01D-0788-05",0.909532821287777
"35373","TCGA-28-1755-01A-01D-0595-05","TCGA-06-2558-01A-01D-0788-05",0.901696201185622
"78526","TCGA-14-4157-01A-01D-1228-05","TCGA-14-4157-01A-01D-1228-05",1
"50686","TCGA-14-4157-01A-01D-1228-05","TCGA-14-1458-01A-01D-0595-05",0.936554503998359
"56950","TCGA-14-4157-01A-01D-1228-05","TCGA-19-1788-01A-01D-0595-05",0.932179742003517
"78875","TCGA-02-0047-01A-01D-0186-05","TCGA-02-0047-01A-01D-0186-05",1
"91403","TCGA-02-0047-01A-01D-0186-05","TCGA-12-1096-01A-01D-0521-05",0.934448646232909
"24587","TCGA-02-0047-01A-01D-0186-05","TCGA-12-1092-01B-01D-0521-05",0.931475436531975
"79224","TCGA-41-3915-01A-01D-1228-05","TCGA-41-3915-01A-01D-1228-05",1
"91404","TCGA-41-3915-01A-01D-1228-05","TCGA-12-1096-01A-01D-0521-05",0.95187286947452
"40944","TCGA-41-3915-01A-01D-1228-05","TCGA-14-3476-01B-01D-1228-05",0.951573199576151
"79573","TCGA-16-1056-01B-01D-0521-05","TCGA-16-1056-01B-01D-0521-05",1
"55909","TCGA-16-1056-01B-01D-0521-05","TCGA-28-2502-01B-01D-0788-05",0.943266830593311
"64957","TCGA-16-1056-01B-01D-0521-05","TCGA-27-2518-01A-01D-0788-05",0.941385980831461
"79922","TCGA-06-2567-01A-01D-0788-05","TCGA-06-2567-01A-01D-0788-05",1
"55910","TCGA-06-2567-01A-01D-0788-05","TCGA-28-2502-01B-01D-0788-05",0.93289114888578
"91406","TCGA-06-2567-01A-01D-0788-05","TCGA-12-1096-01A-01D-0521-05",0.9325604425224
"80271","TCGA-16-0848-01A-01D-0392-05","TCGA-16-0848-01A-01D-0392-05",1
"24591","TCGA-16-0848-01A-01D-0392-05","TCGA-12-1092-01B-01D-0521-05",0.940524835517302
"55911","TCGA-16-0848-01A-01D-0392-05","TCGA-28-2502-01B-01D-0788-05",0.940298783564273
"80620","TCGA-28-1757-01A-02D-0595-05","TCGA-28-1757-01A-02D-0595-05",1
"67396","TCGA-28-1757-01A-02D-0595-05","TCGA-27-1831-01A-01D-0788-05",0.950270137635614
"60784","TCGA-28-1757-01A-02D-0595-05","TCGA-28-1753-01A-01D-0788-05",0.946233147676816
"80969","TCGA-32-1987-01A-01D-1228-05","TCGA-32-1987-01A-01D-1228-05",1
"43037","TCGA-32-1987-01A-01D-1228-05","TCGA-02-0057-01A-01D-0186-05",0.951147053346332
"75401","TCGA-32-1987-01A-01D-1228-05","TCGA-28-1751-01A-02D-0595-05",0.950690705543749
"81318","TCGA-02-0052-01A-01D-0186-05","TCGA-02-0052-01A-01D-0186-05",1
"91410","TCGA-02-0052-01A-01D-0186-05","TCGA-12-1096-01A-01D-0521-05",0.956898177759361
"88278","TCGA-02-0052-01A-01D-0186-05","TCGA-27-2527-01A-01D-0788-05",0.952218645824007
"81667","TCGA-12-3650-01A-01D-0915-05","TCGA-12-3650-01A-01D-0915-05",1
"60787","TCGA-12-3650-01A-01D-0915-05","TCGA-28-1753-01A-01D-0788-05",0.935153910310478
"19375","TCGA-12-3650-01A-01D-0915-05","TCGA-32-2638-01A-01D-0915-05",0.934400483462717
"82016","TCGA-14-0817-01A-01D-0392-05","TCGA-14-0817-01A-01D-0392-05",1
"33644","TCGA-14-0817-01A-01D-0392-05","TCGA-32-1982-01A-01D-0788-05",0.930798422505999
"93152","TCGA-14-0817-01A-01D-0392-05","TCGA-28-1750-01A-01D-0595-05",0.927391711218396
"82365","TCGA-14-1827-01A-01D-0595-05","TCGA-14-1827-01A-01D-0595-05",1
"67401","TCGA-14-1827-01A-01D-0595-05","TCGA-27-1831-01A-01D-0788-05",0.949429654209037
"4065","TCGA-14-1827-01A-01D-0595-05","TCGA-02-2470-01A-01D-0788-05",0.945831223781988
"82714","TCGA-02-0034-01A-01D-0186-05","TCGA-02-0034-01A-01D-0186-05",1
"1282","TCGA-02-0034-01A-01D-0186-05","TCGA-02-0107-01A-01D-0199-05",0.963545489308814
"91414","TCGA-02-0034-01A-01D-0186-05","TCGA-12-1096-01A-01D-0521-05",0.962450640997264
"83063","TCGA-14-1037-01A-01D-0595-05","TCGA-14-1037-01A-01D-0595-05",1
"21815","TCGA-14-1037-01A-01D-0595-05","TCGA-28-2513-01A-01D-0788-05",0.963268416894508
"75407","TCGA-14-1037-01A-01D-0595-05","TCGA-28-1751-01A-02D-0595-05",0.959250410180861
"83412","TCGA-02-0060-01A-01D-0186-05","TCGA-02-0060-01A-01D-0186-05",1
"43044","TCGA-02-0060-01A-01D-0186-05","TCGA-02-0057-01A-01D-0186-05",0.952633402988124
"85500","TCGA-02-0060-01A-01D-0186-05","TCGA-12-1095-01A-01D-0521-05",0.949113978394106
"83761","TCGA-32-4719-01A-01D-1228-05","TCGA-32-4719-01A-01D-1228-05",1
"60793","TCGA-32-4719-01A-01D-1228-05","TCGA-28-1753-01A-01D-0788-05",0.936180848289264
"32953","TCGA-32-4719-01A-01D-1228-05","TCGA-27-2528-01A-01D-0788-05",0.93583471318393
"84110","TCGA-02-0069-01A-01D-0199-05","TCGA-02-0069-01A-01D-0199-05",1
"32606","TCGA-02-0069-01A-01D-0199-05","TCGA-06-1801-01A-02D-0595-05",0.922854735052924
"47918","TCGA-02-0069-01A-01D-0199-05","TCGA-27-1836-01A-01D-0788-05",0.914739170489991
"84459","TCGA-41-2571-01A-01D-0915-05","TCGA-41-2571-01A-01D-0915-05",1
"25995","TCGA-41-2571-01A-01D-0915-05","TCGA-27-1830-01A-01D-0595-05",0.930037507874887
"79239","TCGA-41-2571-01A-01D-0915-05","TCGA-41-3915-01A-01D-1228-05",0.928259719101207
"84808","TCGA-14-0871-01A-01D-0392-05","TCGA-14-0871-01A-01D-0392-05",1
"52444","TCGA-14-0871-01A-01D-0392-05","TCGA-06-2569-01A-01D-0788-05",0.868660157710715
"71932","TCGA-14-0871-01A-01D-0392-05","TCGA-12-0822-01A-01D-0392-05",0.864047046697018
"85157","TCGA-14-0865-01B-01D-0595-05","TCGA-14-0865-01B-01D-0595-05",1
"72281","TCGA-14-0865-01B-01D-0595-05","TCGA-19-0963-01B-01D-0521-05",0.891014320744928
"23561","TCGA-14-0865-01B-01D-0595-05","TCGA-32-1976-01A-01D-0788-05",0.887934694165479
"85506","TCGA-12-1095-01A-01D-0521-05","TCGA-12-1095-01A-01D-0521-05",1
"43050","TCGA-12-1095-01A-01D-0521-05","TCGA-02-0057-01A-01D-0186-05",0.960626754357444
"20082","TCGA-12-1095-01A-01D-0521-05","TCGA-02-0085-01A-01D-0199-05",0.960186765567616
"85855","TCGA-02-0014-01A-01D-0186-05","TCGA-02-0014-01A-01D-0186-05",1
"58363","TCGA-02-0014-01A-01D-0186-05","TCGA-02-2483-01A-01D-0788-05",0.898746432990855
"8599","TCGA-02-0014-01A-01D-0186-05","TCGA-06-0129-01A-01D-0218-05",0.891547261487972
"86204","TCGA-16-1055-01B-01D-0521-05","TCGA-16-1055-01B-01D-0521-05",1
"67412","TCGA-16-1055-01B-01D-0521-05","TCGA-27-1831-01A-01D-0788-05",0.95137497429767
"60800","TCGA-16-1055-01B-01D-0521-05","TCGA-28-1753-01A-01D-0788-05",0.95043634035385
"86553","TCGA-12-3649-01A-01D-0915-05","TCGA-12-3649-01A-01D-0915-05",1
"22869","TCGA-12-3649-01A-01D-0915-05","TCGA-19-2620-01A-01D-0915-05",0.948728883268502
"19389","TCGA-12-3649-01A-01D-0915-05","TCGA-32-2638-01A-01D-0915-05",0.947220804177779
"86902","TCGA-12-0829-01A-01D-0392-05","TCGA-12-0829-01A-01D-0392-05",1
"91426","TCGA-12-0829-01A-01D-0392-05","TCGA-12-1096-01A-01D-0521-05",0.966813303362512
"88294","TCGA-12-0829-01A-01D-0392-05","TCGA-27-2527-01A-01D-0788-05",0.965211302480143
"87251","TCGA-27-1835-01A-01D-0788-05","TCGA-27-1835-01A-01D-0788-05",1
"74375","TCGA-27-1835-01A-01D-0788-05","TCGA-19-0962-01B-01D-0521-05",0.920692320460479
"33659","TCGA-27-1835-01A-01D-0788-05","TCGA-32-1982-01A-01D-0788-05",0.920347987855973
"87600","TCGA-06-1087-01A-02D-0521-05","TCGA-06-1087-01A-02D-0521-05",1
"66024","TCGA-06-1087-01A-02D-0521-05","TCGA-14-1794-01A-01D-0595-05",0.895653758249645
"92472","TCGA-06-1087-01A-02D-0521-05","TCGA-06-1800-01A-01D-0595-05",0.894411715357388
"87949","TCGA-06-1086-01A-02D-0521-05","TCGA-06-1086-01A-02D-0521-05",1
"46537","TCGA-06-1086-01A-02D-0521-05","TCGA-06-0882-01A-01D-0392-05",0.915260593410507
"71941","TCGA-06-1086-01A-02D-0521-05","TCGA-12-0822-01A-01D-0392-05",0.913467124817551
"88298","TCGA-27-2527-01A-01D-0788-05","TCGA-27-2527-01A-01D-0788-05",1
"1298","TCGA-27-2527-01A-01D-0788-05","TCGA-02-0107-01A-01D-0199-05",0.97598497715169
"88646","TCGA-27-2527-01A-01D-0788-05","TCGA-19-1385-01A-02D-0595-05",0.973759311072473
"88647","TCGA-19-1385-01A-02D-0595-05","TCGA-19-1385-01A-02D-0595-05",1
"1299","TCGA-19-1385-01A-02D-0595-05","TCGA-02-0107-01A-01D-0199-05",0.976284637082045
"88299","TCGA-19-1385-01A-02D-0595-05","TCGA-27-2527-01A-01D-0788-05",0.973759311072473
"88996","TCGA-06-0122-01A-01D-0218-05","TCGA-06-0122-01A-01D-0218-05",1
"61504","TCGA-06-0122-01A-01D-0218-05","TCGA-14-1402-01A-01D-0521-05",0.929828680441304
"75772","TCGA-06-0122-01A-01D-0218-05","TCGA-12-1597-01B-01D-0915-05",0.924482586921166
"89345","TCGA-14-1396-01A-01D-0521-05","TCGA-14-1396-01A-01D-0521-05",1
"93173","TCGA-14-1396-01A-01D-0521-05","TCGA-28-1750-01A-01D-0595-05",0.92627917711095
"34709","TCGA-14-1396-01A-01D-0521-05","TCGA-06-0876-01A-01D-0392-05",0.923866254426794
"89694","TCGA-19-2631-01A-01D-1228-05","TCGA-19-2631-01A-01D-1228-05",1
"26358","TCGA-19-2631-01A-01D-1228-05","TCGA-41-3393-01A-01D-1228-05",0.929950625209694
"20094","TCGA-19-2631-01A-01D-1228-05","TCGA-02-0085-01A-01D-0199-05",0.928764191560072
"90043","TCGA-06-1084-01A-01D-0521-05","TCGA-06-1084-01A-01D-0521-05",1
"88303","TCGA-06-1084-01A-01D-0521-05","TCGA-27-2527-01A-01D-0788-05",0.96440402981562
"1303","TCGA-06-1084-01A-01D-0521-05","TCGA-02-0107-01A-01D-0199-05",0.962899899998389
"90392","TCGA-06-2566-01A-01D-0788-05","TCGA-06-2566-01A-01D-0788-05",1
"58724","TCGA-06-2566-01A-01D-0788-05","TCGA-02-0027-01A-01D-0186-05",0.965107858829872
"85520","TCGA-06-2566-01A-01D-0788-05","TCGA-12-1095-01A-01D-0521-05",0.946321884821834
"90741","TCGA-12-1088-01A-01D-0521-05","TCGA-12-1088-01A-01D-0521-05",1
"2001","TCGA-12-1088-01A-01D-0521-05","TCGA-16-1045-01B-01D-0521-05",0.944810962875679
"47937","TCGA-12-1088-01A-01D-0521-05","TCGA-27-1836-01A-01D-0788-05",0.943500530089398
"91090","TCGA-32-2491-01A-01D-1228-05","TCGA-32-2491-01A-01D-1228-05",1
"88306","TCGA-32-2491-01A-01D-1228-05","TCGA-27-2527-01A-01D-0788-05",0.947033481487647
"28450","TCGA-32-2491-01A-01D-1228-05","TCGA-32-1986-01A-01D-0788-05",0.945384474923658
"91439","TCGA-12-1096-01A-01D-0521-05","TCGA-12-1096-01A-01D-0521-05",1
"88307","TCGA-12-1096-01A-01D-0521-05","TCGA-27-2527-01A-01D-0788-05",0.973467751555432
"73691","TCGA-12-1096-01A-01D-0521-05","TCGA-26-1438-01A-01D-0521-05",0.972664284336708
"91788","TCGA-28-1760-01A-01D-0595-05","TCGA-28-1760-01A-01D-0595-05",1
"88308","TCGA-28-1760-01A-01D-0595-05","TCGA-27-2527-01A-01D-0788-05",0.952830037697214
"55944","TCGA-28-1760-01A-01D-0595-05","TCGA-28-2502-01B-01D-0788-05",0.952181166842555
"92137","TCGA-27-1837-01A-01D-0788-05","TCGA-27-1837-01A-01D-0788-05",1
"6529","TCGA-27-1837-01A-01D-0788-05","TCGA-28-1747-01C-01D-0788-05",0.944100750714992
"52117","TCGA-27-1837-01A-01D-0788-05","TCGA-14-1401-01A-01D-0521-05",0.943888416457357
"92486","TCGA-06-1800-01A-01D-0595-05","TCGA-06-1800-01A-01D-0595-05",1
"81350","TCGA-06-1800-01A-01D-0595-05","TCGA-02-0052-01A-01D-0186-05",0.94708673808037
"91442","TCGA-06-1800-01A-01D-0595-05","TCGA-12-1096-01A-01D-0521-05",0.946746905018946
"92835","TCGA-14-0812-01B-01D-0595-05","TCGA-14-0812-01B-01D-0595-05",1
"55947","TCGA-14-0812-01B-01D-0595-05","TCGA-28-2502-01B-01D-0788-05",0.945693914009314
"60819","TCGA-14-0812-01B-01D-0595-05","TCGA-28-1753-01A-01D-0788-05",0.943393245759469
"93184","TCGA-28-1750-01A-01D-0595-05","TCGA-28-1750-01A-01D-0595-05",1
"28804","TCGA-28-1750-01A-01D-0595-05","TCGA-12-1093-01A-01D-0521-05",0.936775161906465
"33676","TCGA-28-1750-01A-01D-0595-05","TCGA-32-1982-01A-01D-0788-05",0.933664665805122
"93533","TCGA-32-1973-01A-01D-1228-05","TCGA-32-1973-01A-01D-1228-05",1
"73001","TCGA-32-1973-01A-01D-1228-05","TCGA-19-1388-01A-01D-0595-05",0.883160469248392
"79265","TCGA-32-1973-01A-01D-1228-05","TCGA-41-3915-01A-01D-1228-05",0.873493085607382
"93882","TCGA-14-1452-01A-01D-0521-05","TCGA-14-1452-01A-01D-0521-05",1
"60822","TCGA-14-1452-01A-01D-0521-05","TCGA-28-1753-01A-01D-0788-05",0.938410050032337
"32982","TCGA-14-1452-01A-01D-0521-05","TCGA-27-2528-01A-01D-0788-05",0.937113402967776
"94231","TCGA-06-0879-01A-01D-0392-05","TCGA-06-0879-01A-01D-0392-05",1
"60823","TCGA-06-0879-01A-01D-0392-05","TCGA-28-1753-01A-01D-0788-05",0.944129709535553
"64999","TCGA-06-0879-01A-01D-0392-05","TCGA-27-2518-01A-01D-0788-05",0.943902210112618
"94580","TCGA-19-2625-01A-01D-0915-05","TCGA-19-2625-01A-01D-0915-05",1
"43076","TCGA-19-2625-01A-01D-0915-05","TCGA-02-0057-01A-01D-0186-05",0.949088999360291
"28808","TCGA-19-2625-01A-01D-0915-05","TCGA-12-1093-01A-01D-0521-05",0.947723429593495
"94929","TCGA-02-0033-01A-01D-0186-05","TCGA-02-0033-01A-01D-0186-05",1
"1317","TCGA-02-0033-01A-01D-0186-05","TCGA-02-0107-01A-01D-0199-05",0.964015744043923
"88317","TCGA-02-0033-01A-01D-0186-05","TCGA-27-2527-01A-01D-0788-05",0.961913656313203
"95278","TCGA-02-0038-01A-01D-0186-05","TCGA-02-0038-01A-01D-0186-05",1
"60826","TCGA-02-0038-01A-01D-0186-05","TCGA-28-1753-01A-01D-0788-05",0.92907149331729
"43078","TCGA-02-0038-01A-01D-0186-05","TCGA-02-0057-01A-01D-0186-05",0.929068212423252
"95627","TCGA-12-0826-01A-01D-0392-05","TCGA-12-0826-01A-01D-0392-05",1
"43079","TCGA-12-0826-01A-01D-0392-05","TCGA-02-0057-01A-01D-0186-05",0.949241978996186
"2015","TCGA-12-0826-01A-01D-0392-05","TCGA-16-1045-01B-01D-0521-05",0.947564912986207
"95976","TCGA-19-5947-01A-11D-1697-05","TCGA-19-5947-01A-11D-1697-05",1
"106416","TCGA-19-5947-01A-11D-1697-05","TCGA-06-5412-01A-01D-1697-05",0.964763879539408
"114768","TCGA-19-5947-01A-11D-1697-05","TCGA-06-0650-01A-02D-1697-05",0.963908774348715
"96325","TCGA-26-5132-01A-01D-1481-05","TCGA-26-5132-01A-01D-1481-05",1
"121033","TCGA-26-5132-01A-01D-1481-05","TCGA-06-5856-01A-01D-1697-05",0.906849011994238
"104677","TCGA-26-5132-01A-01D-1481-05","TCGA-28-5214-01A-01D-1481-05",0.906012460542572
"96674","TCGA-06-6391-01A-11D-1697-05","TCGA-06-6391-01A-11D-1697-05",1
"114770","TCGA-06-6391-01A-11D-1697-05","TCGA-06-0650-01A-02D-1697-05",0.948292935605699
"105374","TCGA-06-6391-01A-11D-1697-05","TCGA-32-1980-01A-01D-1697-05",0.94119719081621
"97023","TCGA-06-1804-01A-01D-1697-05","TCGA-06-1804-01A-01D-1697-05",1
"99459","TCGA-06-1804-01A-01D-1697-05","TCGA-26-5136-01B-01D-1481-05",0.924447384851431
"113379","TCGA-06-1804-01A-01D-1697-05","TCGA-19-5950-01A-11D-1697-05",0.922996842600036
"97372","TCGA-26-1442-01A-01D-1697-05","TCGA-26-1442-01A-01D-1697-05",1
"97720","TCGA-26-1442-01A-01D-1697-05","TCGA-15-1444-01A-02D-1697-05",0.955153501723677
"106072","TCGA-26-1442-01A-01D-1697-05","TCGA-06-6389-01A-11D-1697-05",0.948462460595415
"97721","TCGA-15-1444-01A-02D-1697-05","TCGA-15-1444-01A-02D-1697-05",1
"97373","TCGA-15-1444-01A-02D-1697-05","TCGA-26-1442-01A-01D-1697-05",0.955153501723677
"106073","TCGA-15-1444-01A-02D-1697-05","TCGA-06-6389-01A-11D-1697-05",0.94169849874025
"98070","TCGA-12-5301-01A-01D-1481-05","TCGA-12-5301-01A-01D-1481-05",1
"100506","TCGA-12-5301-01A-01D-1481-05","TCGA-06-5411-01A-01D-1697-05",0.931766508404819
"107814","TCGA-12-5301-01A-01D-1481-05","TCGA-76-6192-01A-11D-1697-05",0.925883180664659
"98419","TCGA-32-1979-01A-01D-1697-05","TCGA-32-1979-01A-01D-1697-05",1
"114775","TCGA-32-1979-01A-01D-1697-05","TCGA-06-0650-01A-02D-1697-05",0.923138634044063
"113383","TCGA-32-1979-01A-01D-1697-05","TCGA-19-5950-01A-11D-1697-05",0.921635226647967
"98768","TCGA-26-5134-01A-01D-1481-05","TCGA-26-5134-01A-01D-1481-05",1
"103640","TCGA-26-5134-01A-01D-1481-05","TCGA-28-5216-01A-01D-1481-05",0.929997522915991
"100508","TCGA-26-5134-01A-01D-1481-05","TCGA-06-5411-01A-01D-1697-05",0.928349109538186
"99117","TCGA-28-5204-01A-01D-1481-05","TCGA-28-5204-01A-01D-1481-05",1
"116169","TCGA-28-5204-01A-01D-1481-05","TCGA-06-5415-01A-01D-1481-05",0.931778974882598
"107817","TCGA-28-5204-01A-01D-1481-05","TCGA-76-6192-01A-11D-1697-05",0.930571573778769
"99466","TCGA-26-5136-01B-01D-1481-05","TCGA-26-5136-01B-01D-1481-05",1
"114778","TCGA-26-5136-01B-01D-1481-05","TCGA-06-0650-01A-02D-1697-05",0.933836736552017
"109906","TCGA-26-5136-01B-01D-1481-05","TCGA-06-5408-01A-01D-1697-05",0.932593299015941
"99815","TCGA-06-5416-01A-01D-1481-05","TCGA-06-5416-01A-01D-1481-05",1
"90767","TCGA-06-5416-01A-01D-1481-05","TCGA-12-1088-01A-01D-0521-05",0.865158319666449
"110951","TCGA-06-5416-01A-01D-1481-05","TCGA-28-5215-01A-01D-1481-05",0.854214380807797
"100164","TCGA-06-6390-01A-11D-1697-05","TCGA-06-6390-01A-11D-1697-05",1
"105384","TCGA-06-6390-01A-11D-1697-05","TCGA-32-1980-01A-01D-1697-05",0.963314642465112
"101556","TCGA-06-6390-01A-11D-1697-05","TCGA-06-0190-01A-01D-A45W-05",0.95303879736127
"100513","TCGA-06-5411-01A-01D-1697-05","TCGA-06-5411-01A-01D-1697-05",1
"119653","TCGA-06-5411-01A-01D-1697-05","TCGA-76-6193-01A-11D-1697-05",0.956617333987186
"107821","TCGA-06-5411-01A-01D-1697-05","TCGA-76-6192-01A-11D-1697-05",0.954861040886704
"100862","TCGA-06-5859-01A-01D-1697-05","TCGA-06-5859-01A-01D-1697-05",1
"119654","TCGA-06-5859-01A-01D-1697-05","TCGA-76-6193-01A-11D-1697-05",0.930583552032843
"107822","TCGA-06-5859-01A-01D-1697-05","TCGA-76-6192-01A-11D-1697-05",0.92961574832341
"101211","TCGA-28-5208-01A-01D-1481-05","TCGA-28-5208-01A-01D-1481-05",1
"116175","TCGA-28-5208-01A-01D-1481-05","TCGA-06-5415-01A-01D-1481-05",0.931038051251715
"22911","TCGA-28-5208-01A-01D-1481-05","TCGA-19-2620-01A-01D-0915-05",0.930241637952346
"101560","TCGA-06-0190-01A-01D-A45W-05","TCGA-06-0190-01A-01D-A45W-05",1
"105388","TCGA-06-0190-01A-01D-A45W-05","TCGA-32-1980-01A-01D-1697-05",0.964652021401403
"107824","TCGA-06-0190-01A-01D-A45W-05","TCGA-76-6192-01A-11D-1697-05",0.963925675264525
"101909","TCGA-76-4931-01A-01D-1481-05","TCGA-76-4931-01A-01D-1481-05",1
"109913","TCGA-76-4931-01A-01D-1481-05","TCGA-06-5408-01A-01D-1697-05",0.937746348340824
"114089","TCGA-76-4931-01A-01D-1481-05","TCGA-19-5954-01A-11D-1697-05",0.926421581847383
"102258","TCGA-76-4926-01B-01D-1481-05","TCGA-76-4926-01B-01D-1481-05",1
"112350","TCGA-76-4926-01B-01D-1481-05","TCGA-28-5207-01A-01D-1481-05",0.948005083136716
"107826","TCGA-76-4926-01B-01D-1481-05","TCGA-76-6192-01A-11D-1697-05",0.947641037452904
"102607","TCGA-14-0781-01B-01D-1697-05","TCGA-14-0781-01B-01D-1697-05",1
"73375","TCGA-14-0781-01B-01D-1697-05","TCGA-06-0881-01A-02D-0392-05",0.963490916377567
"106435","TCGA-14-0781-01B-01D-1697-05","TCGA-06-5412-01A-01D-1697-05",0.959837272149512
"102956","TCGA-76-4927-01A-01D-1481-05","TCGA-76-4927-01A-01D-1481-05",1
"107828","TCGA-76-4927-01A-01D-1481-05","TCGA-76-6192-01A-11D-1697-05",0.94403807947136
"117572","TCGA-76-4927-01A-01D-1481-05","TCGA-19-5958-01A-11D-1697-05",0.943824219859372
"103305","TCGA-76-6285-01A-11D-1697-05","TCGA-76-6285-01A-11D-1697-05",1
"100521","TCGA-76-6285-01A-11D-1697-05","TCGA-06-5411-01A-01D-1697-05",0.932521603876073
"110961","TCGA-76-6285-01A-11D-1697-05","TCGA-28-5215-01A-01D-1481-05",0.925622975257618
"103654","TCGA-28-5216-01A-01D-1481-05","TCGA-28-5216-01A-01D-1481-05",1
"98782","TCGA-28-5216-01A-01D-1481-05","TCGA-26-5134-01A-01D-1481-05",0.929997522915991
"100522","TCGA-28-5216-01A-01D-1481-05","TCGA-06-5411-01A-01D-1697-05",0.924393098722979
"104003","TCGA-76-4929-01A-01D-1481-05","TCGA-76-4929-01A-01D-1481-05",1
"110963","TCGA-76-4929-01A-01D-1481-05","TCGA-28-5215-01A-01D-1481-05",0.927550767854632
"108527","TCGA-76-4929-01A-01D-1481-05","TCGA-76-4935-01A-01D-1481-05",0.921510356303983
"104352","TCGA-76-6282-01A-11D-1697-05","TCGA-76-6282-01A-11D-1697-05",1
"107832","TCGA-76-6282-01A-11D-1697-05","TCGA-76-6192-01A-11D-1697-05",0.965505034130882
"105396","TCGA-76-6282-01A-11D-1697-05","TCGA-32-1980-01A-01D-1697-05",0.965305535315162
"104701","TCGA-28-5214-01A-01D-1481-05","TCGA-28-5214-01A-01D-1481-05",1
"116185","TCGA-28-5214-01A-01D-1481-05","TCGA-06-5415-01A-01D-1481-05",0.940807219548339
"102961","TCGA-28-5214-01A-01D-1481-05","TCGA-76-4927-01A-01D-1481-05",0.939679935169026
"105050","TCGA-06-5858-01A-01D-1697-05","TCGA-06-5858-01A-01D-1697-05",1
"114794","TCGA-06-5858-01A-01D-1697-05","TCGA-06-0650-01A-02D-1697-05",0.938794368794114
"105398","TCGA-06-5858-01A-01D-1697-05","TCGA-32-1980-01A-01D-1697-05",0.937696433682182
"105399","TCGA-32-1980-01A-01D-1697-05","TCGA-32-1980-01A-01D-1697-05",1
"114795","TCGA-32-1980-01A-01D-1697-05","TCGA-06-0650-01A-02D-1697-05",0.968495115502686
"88347","TCGA-32-1980-01A-01D-1697-05","TCGA-27-2527-01A-01D-0788-05",0.966482733348602
"105748","TCGA-26-5139-01A-01D-1481-05","TCGA-26-5139-01A-01D-1481-05",1
"114796","TCGA-26-5139-01A-01D-1481-05","TCGA-06-0650-01A-02D-1697-05",0.934712796354508
"109924","TCGA-26-5139-01A-01D-1481-05","TCGA-06-5408-01A-01D-1697-05",0.932768718049312
"106097","TCGA-06-6389-01A-11D-1697-05","TCGA-06-6389-01A-11D-1697-05",1
"97397","TCGA-06-6389-01A-11D-1697-05","TCGA-26-1442-01A-01D-1697-05",0.948462460595415
"97745","TCGA-06-6389-01A-11D-1697-05","TCGA-15-1444-01A-02D-1697-05",0.94169849874025
"106446","TCGA-06-5412-01A-01D-1697-05","TCGA-06-5412-01A-01D-1697-05",1
"108186","TCGA-06-5412-01A-01D-1697-05","TCGA-06-5410-01A-01D-1697-05",0.973695158715634
"114798","TCGA-06-5412-01A-01D-1697-05","TCGA-06-0650-01A-02D-1697-05",0.966876998189443
"106795","TCGA-76-4925-01A-01D-1481-05","TCGA-76-4925-01A-01D-1481-05",1
"117235","TCGA-76-4925-01A-01D-1481-05","TCGA-06-5414-01A-01D-1481-05",0.91259372646076
"104707","TCGA-76-4925-01A-01D-1481-05","TCGA-28-5214-01A-01D-1481-05",0.912498255119215
"107144","TCGA-06-5418-01A-01D-1481-05","TCGA-06-5418-01A-01D-1481-05",1
"107840","TCGA-06-5418-01A-01D-1481-05","TCGA-76-6192-01A-11D-1697-05",0.939260059058013
"114800","TCGA-06-5418-01A-01D-1481-05","TCGA-06-0650-01A-02D-1697-05",0.935743642473171
"107493","TCGA-19-5951-01A-11D-1697-05","TCGA-19-5951-01A-11D-1697-05",1
"113409","TCGA-19-5951-01A-11D-1697-05","TCGA-19-5950-01A-11D-1697-05",0.880497530503103
"109929","TCGA-19-5951-01A-11D-1697-05","TCGA-06-5408-01A-01D-1697-05",0.876756158948221
"107842","TCGA-76-6192-01A-11D-1697-05","TCGA-76-6192-01A-11D-1697-05",1
"120022","TCGA-76-6192-01A-11D-1697-05","TCGA-19-5955-01A-11D-1697-05",0.967850003349987
"119674","TCGA-76-6192-01A-11D-1697-05","TCGA-76-6193-01A-11D-1697-05",0.966927841168649
"108191","TCGA-06-5410-01A-01D-1697-05","TCGA-06-5410-01A-01D-1697-05",1
"106451","TCGA-06-5410-01A-01D-1697-05","TCGA-06-5412-01A-01D-1697-05",0.973695158715634
"114803","TCGA-06-5410-01A-01D-1697-05","TCGA-06-0650-01A-02D-1697-05",0.968379469223368
"108540","TCGA-76-4935-01A-01D-1481-05","TCGA-76-4935-01A-01D-1481-05",1
"115500","TCGA-76-4935-01A-01D-1481-05","TCGA-28-5219-01A-01D-1481-05",0.937798352677121
"110976","TCGA-76-4935-01A-01D-1481-05","TCGA-28-5215-01A-01D-1481-05",0.93618019265289
"108889","TCGA-19-5960-01A-11D-1697-05","TCGA-19-5960-01A-11D-1697-05",1
"121069","TCGA-19-5960-01A-11D-1697-05","TCGA-06-5856-01A-01D-1697-05",0.912256754616483
"116197","TCGA-19-5960-01A-11D-1697-05","TCGA-06-5415-01A-01D-1481-05",0.91088435361793
"109238","TCGA-28-5220-01A-01D-1481-05","TCGA-28-5220-01A-01D-1481-05",1
"112370","TCGA-28-5220-01A-01D-1481-05","TCGA-28-5207-01A-01D-1481-05",0.926657959542465
"100538","TCGA-28-5220-01A-01D-1481-05","TCGA-06-5411-01A-01D-1697-05",0.914141049284579
"109587","TCGA-26-5133-01A-01D-1481-05","TCGA-26-5133-01A-01D-1481-05",1
"58431","TCGA-26-5133-01A-01D-1481-05","TCGA-02-2483-01A-01D-0788-05",0.872674667978581
"25023","TCGA-26-5133-01A-01D-1481-05","TCGA-27-2521-01A-01D-0788-05",0.870068428812312
"109936","TCGA-06-5408-01A-01D-1697-05","TCGA-06-5408-01A-01D-1697-05",1
"114808","TCGA-06-5408-01A-01D-1697-05","TCGA-06-0650-01A-02D-1697-05",0.946512892048843
"2056","TCGA-06-5408-01A-01D-1697-05","TCGA-16-1045-01B-01D-0521-05",0.942587690759199
"110285","TCGA-41-5651-01A-01D-1697-05","TCGA-41-5651-01A-01D-1697-05",1
"113417","TCGA-41-5651-01A-01D-1697-05","TCGA-19-5950-01A-11D-1697-05",0.912963755733209
"108545","TCGA-41-5651-01A-01D-1697-05","TCGA-76-4935-01A-01D-1481-05",0.911372740211035
"110634","TCGA-12-5295-01A-01D-1481-05","TCGA-12-5295-01A-01D-1481-05",1
"120726","TCGA-12-5295-01A-01D-1481-05","TCGA-87-5896-01A-01D-1697-05",0.913063048361692
"112026","TCGA-12-5295-01A-01D-1481-05","TCGA-76-4932-01A-01D-1481-05",0.910091223128435
"110983","TCGA-28-5215-01A-01D-1481-05","TCGA-28-5215-01A-01D-1481-05",1
"115507","TCGA-28-5215-01A-01D-1481-05","TCGA-28-5219-01A-01D-1481-05",0.937591502370805
"108547","TCGA-28-5215-01A-01D-1481-05","TCGA-76-4935-01A-01D-1481-05",0.93618019265289
"111332","TCGA-76-4934-01A-01D-1481-05","TCGA-76-4934-01A-01D-1481-05",1
"110984","TCGA-76-4934-01A-01D-1481-05","TCGA-28-5215-01A-01D-1481-05",0.933964815176937
"47996","TCGA-76-4934-01A-01D-1481-05","TCGA-27-1836-01A-01D-0788-05",0.932403022575292
"111681","TCGA-28-5218-01A-01D-1481-05","TCGA-28-5218-01A-01D-1481-05",1
"105417","TCGA-28-5218-01A-01D-1481-05","TCGA-32-1980-01A-01D-1697-05",0.932646215628248
"104373","TCGA-28-5218-01A-01D-1481-05","TCGA-76-6282-01A-11D-1697-05",0.931294528282713
"112030","TCGA-76-4932-01A-01D-1481-05","TCGA-76-4932-01A-01D-1481-05",1
"114118","TCGA-76-4932-01A-01D-1481-05","TCGA-19-5954-01A-11D-1697-05",0.92120200396026
"109942","TCGA-76-4932-01A-01D-1481-05","TCGA-06-5408-01A-01D-1697-05",0.919248843894694
"112379","TCGA-28-5207-01A-01D-1481-05","TCGA-28-5207-01A-01D-1481-05",1
"100547","TCGA-28-5207-01A-01D-1481-05","TCGA-06-5411-01A-01D-1697-05",0.94880489543725
"119687","TCGA-28-5207-01A-01D-1481-05","TCGA-76-6193-01A-11D-1697-05",0.948406488236883
"112728","TCGA-76-4928-01B-01D-1481-05","TCGA-76-4928-01B-01D-1481-05",1
"106464","TCGA-76-4928-01B-01D-1481-05","TCGA-06-5412-01A-01D-1697-05",0.960810826482025
"114816","TCGA-76-4928-01B-01D-1481-05","TCGA-06-0650-01A-02D-1697-05",0.959574177027531
"113077","TCGA-32-5222-01A-01D-1481-05","TCGA-32-5222-01A-01D-1481-05",1
"121081","TCGA-32-5222-01A-01D-1481-05","TCGA-06-5856-01A-01D-1697-05",0.92595404989638
"86629","TCGA-32-5222-01A-01D-1481-05","TCGA-12-3649-01A-01D-0915-05",0.921798342184219
"113426","TCGA-19-5950-01A-11D-1697-05","TCGA-19-5950-01A-11D-1697-05",1
"114818","TCGA-19-5950-01A-11D-1697-05","TCGA-06-0650-01A-02D-1697-05",0.947337999385572
"43130","TCGA-19-5950-01A-11D-1697-05","TCGA-02-0057-01A-01D-0186-05",0.938465777419281
"113775","TCGA-28-5209-01A-01D-1481-05","TCGA-28-5209-01A-01D-1481-05",1
"114471","TCGA-28-5209-01A-01D-1481-05","TCGA-19-5959-01A-11D-1697-05",0.908007355102517
"120735","TCGA-28-5209-01A-01D-1481-05","TCGA-87-5896-01A-01D-1697-05",0.905998798351663
"114124","TCGA-19-5954-01A-11D-1697-05","TCGA-19-5954-01A-11D-1697-05",1
"109948","TCGA-19-5954-01A-11D-1697-05","TCGA-06-5408-01A-01D-1697-05",0.936534440006503
"107860","TCGA-19-5954-01A-11D-1697-05","TCGA-76-6192-01A-11D-1697-05",0.929930813494866
"114473","TCGA-19-5959-01A-11D-1697-05","TCGA-19-5959-01A-11D-1697-05",1
"113429","TCGA-19-5959-01A-11D-1697-05","TCGA-19-5950-01A-11D-1697-05",0.92368319569797
"121085","TCGA-19-5959-01A-11D-1697-05","TCGA-06-5856-01A-01D-1697-05",0.920825332439705
"114822","TCGA-06-0650-01A-02D-1697-05","TCGA-06-0650-01A-02D-1697-05",1
"105426","TCGA-06-0650-01A-02D-1697-05","TCGA-32-1980-01A-01D-1697-05",0.968495115502686
"108210","TCGA-06-0650-01A-02D-1697-05","TCGA-06-5410-01A-01D-1697-05",0.968379469223368
"115171","TCGA-12-5299-01A-02D-1481-05","TCGA-12-5299-01A-02D-1481-05",1
"113431","TCGA-12-5299-01A-02D-1481-05","TCGA-19-5950-01A-11D-1697-05",0.93067848591335
"109951","TCGA-12-5299-01A-02D-1481-05","TCGA-06-5408-01A-01D-1697-05",0.927340495722218
"115520","TCGA-28-5219-01A-01D-1481-05","TCGA-28-5219-01A-01D-1481-05",1
"100556","TCGA-28-5219-01A-01D-1481-05","TCGA-06-5411-01A-01D-1697-05",0.939704271060409
"108560","TCGA-28-5219-01A-01D-1481-05","TCGA-76-4935-01A-01D-1481-05",0.937798352677121
"115869","TCGA-26-5135-01A-01D-1481-05","TCGA-26-5135-01A-01D-1481-05",1
"108561","TCGA-26-5135-01A-01D-1481-05","TCGA-76-4935-01A-01D-1481-05",0.931646298072233
"111345","TCGA-26-5135-01A-01D-1481-05","TCGA-76-4934-01A-01D-1481-05",0.923369682721072
"116218","TCGA-06-5415-01A-01D-1481-05","TCGA-06-5415-01A-01D-1481-05",1
"107866","TCGA-06-5415-01A-01D-1481-05","TCGA-76-6192-01A-11D-1697-05",0.943684791525022
"117610","TCGA-06-5415-01A-01D-1481-05","TCGA-19-5958-01A-11D-1697-05",0.941797773105077
"116567","TCGA-28-5213-01A-01D-1481-05","TCGA-28-5213-01A-01D-1481-05",1
"120047","TCGA-28-5213-01A-01D-1481-05","TCGA-19-5955-01A-11D-1697-05",0.963775012065825
"104387","TCGA-28-5213-01A-01D-1481-05","TCGA-76-6282-01A-11D-1697-05",0.959720810938436
"116916","TCGA-06-5417-01A-01D-1481-05","TCGA-06-5417-01A-01D-1481-05",1
"58452","TCGA-06-5417-01A-01D-1481-05","TCGA-02-2483-01A-01D-0788-05",0.893466393323885
"106128","TCGA-06-5417-01A-01D-1481-05","TCGA-06-6389-01A-11D-1697-05",0.892657809591496
"117265","TCGA-06-5414-01A-01D-1481-05","TCGA-06-5414-01A-01D-1481-05",1
"104737","TCGA-06-5414-01A-01D-1481-05","TCGA-28-5214-01A-01D-1481-05",0.937796208069291
"116221","TCGA-06-5414-01A-01D-1481-05","TCGA-06-5415-01A-01D-1481-05",0.937555369315612
"117614","TCGA-19-5958-01A-11D-1697-05","TCGA-19-5958-01A-11D-1697-05",1
"107870","TCGA-19-5958-01A-11D-1697-05","TCGA-76-6192-01A-11D-1697-05",0.953632107290598
"101606","TCGA-19-5958-01A-11D-1697-05","TCGA-06-0190-01A-01D-A45W-05",0.951496354197914
"117963","TCGA-19-5956-01A-11D-1697-05","TCGA-19-5956-01A-11D-1697-05",1
"100563","TCGA-19-5956-01A-11D-1697-05","TCGA-06-5411-01A-01D-1697-05",0.926076539454692
"96735","TCGA-19-5956-01A-11D-1697-05","TCGA-06-6391-01A-11D-1697-05",0.917550225006481
"118312","TCGA-28-6450-01A-11D-1697-05","TCGA-28-6450-01A-11D-1697-05",1
"117616","TCGA-28-6450-01A-11D-1697-05","TCGA-19-5958-01A-11D-1697-05",0.935087673371418
"107872","TCGA-28-6450-01A-11D-1697-05","TCGA-76-6192-01A-11D-1697-05",0.933525483540844
"118661","TCGA-76-6191-01A-12D-1697-05","TCGA-76-6191-01A-12D-1697-05",1
"100565","TCGA-76-6191-01A-12D-1697-05","TCGA-06-5411-01A-01D-1697-05",0.938812240461699
"119009","TCGA-76-6191-01A-12D-1697-05","TCGA-06-5413-01A-01D-1697-05",0.932753546241553
"119010","TCGA-06-5413-01A-01D-1697-05","TCGA-06-5413-01A-01D-1697-05",1
"107874","TCGA-06-5413-01A-01D-1697-05","TCGA-76-6192-01A-11D-1697-05",0.955682576677409
"119706","TCGA-06-5413-01A-01D-1697-05","TCGA-76-6193-01A-11D-1697-05",0.95050163011019
"119359","TCGA-81-5910-01A-11D-1697-05","TCGA-81-5910-01A-11D-1697-05",1
"107875","TCGA-81-5910-01A-11D-1697-05","TCGA-76-6192-01A-11D-1697-05",0.939785851019622
"120403","TCGA-81-5910-01A-11D-1697-05","TCGA-19-5952-01A-11D-1697-05",0.938971519473753
"119708","TCGA-76-6193-01A-11D-1697-05","TCGA-76-6193-01A-11D-1697-05",1
"107876","TCGA-76-6193-01A-11D-1697-05","TCGA-76-6192-01A-11D-1697-05",0.966927841168649
"105440","TCGA-76-6193-01A-11D-1697-05","TCGA-32-1980-01A-01D-1697-05",0.96377671181225
"120057","TCGA-19-5955-01A-11D-1697-05","TCGA-19-5955-01A-11D-1697-05",1
"107877","TCGA-19-5955-01A-11D-1697-05","TCGA-76-6192-01A-11D-1697-05",0.967850003349987
"116577","TCGA-19-5955-01A-11D-1697-05","TCGA-28-5213-01A-01D-1481-05",0.963775012065825
"120406","TCGA-19-5952-01A-11D-1697-05","TCGA-19-5952-01A-11D-1697-05",1
"107878","TCGA-19-5952-01A-11D-1697-05","TCGA-76-6192-01A-11D-1697-05",0.9582948974313
"104398","TCGA-19-5952-01A-11D-1697-05","TCGA-76-6282-01A-11D-1697-05",0.956563452944084
"120755","TCGA-87-5896-01A-01D-1697-05","TCGA-87-5896-01A-01D-1697-05",1
"113447","TCGA-87-5896-01A-01D-1697-05","TCGA-19-5950-01A-11D-1697-05",0.918966623350843
"61595","TCGA-87-5896-01A-01D-1697-05","TCGA-14-1402-01A-01D-0521-05",0.915028643212014
"121104","TCGA-06-5856-01A-01D-1697-05","TCGA-06-5856-01A-01D-1697-05",1
"119016","TCGA-06-5856-01A-01D-1697-05","TCGA-06-5413-01A-01D-1697-05",0.93325480175841
"116232","TCGA-06-5856-01A-01D-1697-05","TCGA-06-5415-01A-01D-1481-05",0.929994150085111
